"Time (s)","Linear Acceleration x (m/s^2)","Linear Acceleration y (m/s^2)","Linear Acceleration z (m/s^2)","Absolute acceleration (m/s^2)"
1.057077570E-1,1.493060589E-1,-2.481198311E-2,3.384208679E-2,1.550910074E-1
1.226984000E-1,-6.769454479E-2,-5.553925037E-2,5.394744873E-2,1.028469103E-1
1.396977580E-1,-2.338648438E-1,-8.992677927E-2,6.704044342E-2,2.593723421E-1
1.566727750E-1,-1.999313235E-1,-4.258239269E-2,8.481979370E-3,2.045916378E-1
1.736796530E-1,-9.743511677E-2,-4.907166958E-2,-3.370094299E-2,1.141813658E-1
1.906814030E-1,-7.916098833E-2,-8.181560040E-2,-2.535476685E-1,2.779328601E-1
2.076726340E-1,-7.428878546E-2,-1.220154166E-1,-4.216032028E-1,4.451469939E-1
2.246533270E-1,-1.597377062E-1,-1.563185453E-1,-2.472772598E-1,3.333131645E-1
2.416646400E-1,-2.720141411E-1,-2.722626328E-1,-3.026199341E-2,3.860497668E-1
2.586513640E-1,-3.787624836E-1,-3.318122029E-1,7.301330566E-2,5.088136199E-1
2.756443350E-1,-4.343214333E-1,-3.001533747E-1,5.232715607E-2,5.305330216E-1
2.926349170E-1,-4.171121716E-1,-2.006996870E-1,4.595279694E-2,4.651608191E-1
3.096187840E-1,-2.946409285E-1,-7.172614336E-2,-2.596569061E-2,3.043552751E-1
3.266096690E-1,-9.358739853E-2,4.197263718E-2,-1.743326187E-1,2.022675589E-1
3.436091810E-1,7.177162170E-2,8.776807785E-2,-2.569417953E-1,2.808442404E-1
3.606002200E-1,6.066197157E-2,1.112694740E-1,-1.354484558E-1,1.854913875E-1
3.775935880E-1,2.123224735E-2,1.472750306E-1,-3.714466095E-2,1.533638445E-1
3.946037900E-1,-1.210075617E-2,2.155991793E-1,-2.338752747E-1,3.183191457E-1
4.115941590E-1,-3.292322159E-3,2.925601602E-1,-5.258665085E-1,6.017789224E-1
4.285882180E-1,-9.630322456E-3,3.571980000E-1,-7.710332870E-1,8.498090868E-1
4.455816460E-1,-2.158284187E-3,3.655697107E-1,-1.007218361E0,1.071510475E0
4.625724010E-1,8.913379908E-2,2.986673117E-1,-1.166487694E0,1.207410675E0
4.795723000E-1,1.100837588E-1,1.234965920E-1,-1.218666077E0,1.229844238E0
4.965628690E-1,2.267634869E-2,8.022773266E-2,-9.466705322E-1,9.503345740E-1
5.135570420E-1,-6.784921885E-2,-6.188023090E-2,-5.265960693E-1,5.345428886E-1
5.305477650E-1,-1.561792493E-1,-1.304795742E-1,-1.579952240E-1,2.576419376E-1
5.475469920E-1,-1.931329370E-1,-1.697919369E-1,-1.701450348E-2,2.577190845E-1
5.645243890E-1,-3.219284415E-1,-2.814984322E-1,-1.044082642E-2,4.277713170E-1
5.815275840E-1,-5.511828661E-1,-3.048512340E-1,1.188583374E-1,6.409868416E-1
5.985297910E-1,-5.831812620E-1,-3.290090561E-1,2.270126343E-1,7.070233939E-1
6.155185400E-1,-3.663391471E-1,-3.492456377E-1,3.330411911E-1,6.058822667E-1
6.325135870E-1,-2.925975323E-1,-4.426785111E-1,7.761468887E-1,9.402029425E-1
6.494935470E-1,-4.773307741E-1,-4.202214777E-1,1.380786896E0,1.520198411E0
6.664975760E-1,-5.308685303E-1,-4.415228367E-1,1.520083427E0,1.669556060E0
6.834967230E-1,-5.184881687E-1,-3.859552741E-1,1.326404572E0,1.475513654E0
7.004874150E-1,-5.177156925E-1,-3.404781818E-1,1.166151047E0,1.320554124E0
7.174814140E-1,-4.830683172E-1,-2.895907164E-1,1.101100922E0,1.236786571E0
7.344753210E-1,-4.368339181E-1,-2.318536192E-1,1.217790604E0,1.314379674E0
7.514550980E-1,-5.071088076E-1,-2.139678746E-1,1.528010368E0,1.624117385E0
7.684624630E-1,-5.504929423E-1,-2.401123047E-1,1.685818672E0,1.789603586E0
7.854513450E-1,-6.159571409E-1,-2.243715674E-1,1.580668449E0,1.711215517E0
8.024368190E-1,-5.758427382E-1,-2.218265533E-1,1.309501648E0,1.447617506E0
8.194276750E-1,-4.656870365E-1,-1.880634278E-1,1.207205772E0,1.307508335E0
8.364265660E-1,-3.341961503E-1,-1.764292419E-1,1.272343636E0,1.327280178E0
8.534079420E-1,-3.676684499E-1,-1.642510593E-1,1.258440018E0,1.321298520E0
8.704117960E-1,-3.511487246E-1,-1.358859688E-1,1.235760689E0,1.291849412E0
8.874213490E-1,-3.594056368E-1,-5.862063169E-2,1.317600250E0,1.366996419E0
9.044121540E-1,-2.449935079E-1,-7.478445768E-3,1.396034241E0,1.417388213E0
9.214058980E-1,-1.570708156E-1,-4.016107321E-2,1.326291084E0,1.336163236E0
9.384003650E-1,-8.863258362E-2,-6.785118580E-2,1.146107674E0,1.151530424E0
9.553929180E-1,-1.640938520E-1,-3.647047281E-2,1.074484825E0,1.087554379E0
9.723690550E-1,-2.231833339E-1,7.195180655E-2,1.138600349E0,1.162496718E0
9.893860640E-1,-3.272672892E-1,1.876069903E-1,1.101450920E0,1.164257012E0
1.006374914E0,-2.721710801E-1,5.628484488E-2,1.079275131E0,1.114486379E0
1.023354784E0,-2.095792294E-1,-1.667207479E-1,1.166103363E0,1.196459909E0
1.040359005E0,-3.435242176E-1,-2.988904715E-1,1.337366104E0,1.412760595E0
1.057358853E0,-4.636765122E-1,-4.365056157E-1,1.396615028E0,1.534948402E0
1.074349780E0,-5.176768303E-1,-5.146698952E-1,1.268290520E0,1.463364358E0
1.091342752E0,-3.933922350E-1,-5.797870755E-1,6.549625397E-1,9.591071014E-1
1.108336729E0,-4.017548561E-1,-5.153807402E-1,2.483034134E-1,6.990556894E-1
1.125333891E0,-4.205542803E-1,-5.037176609E-1,3.081321716E-1,7.249433218E-1
1.142321380E0,-5.136193633E-1,-5.939998031E-1,6.972494125E-1,1.050141590E0
1.159317901E0,-5.207222104E-1,-7.093550563E-1,8.126497269E-1,1.197804573E0
1.176317098E0,-5.024577975E-1,-7.465621233E-1,5.962457657E-1,1.079503523E0
1.193288148E0,-2.781350017E-1,-7.725987434E-1,7.318401337E-2,8.243929872E-1
1.210285859E0,1.130742729E-1,-7.262859941E-1,-6.494903564E-1,9.808745381E-1
1.227287944E0,2.918072939E-1,-6.214084029E-1,-9.965333939E-1,1.210115162E0
1.244291425E0,3.079794347E-1,-6.256160140E-1,-8.052930832E-1,1.065243483E0
1.261267520E0,1.208839417E-1,-6.231275201E-1,-3.698463440E-1,7.346340258E-1
1.278270205E0,3.063991666E-2,-5.570871830E-1,-6.504154205E-2,5.617075183E-1
1.295253787E0,1.125740856E-1,-5.762777328E-1,-1.664323807E-1,6.103021280E-1
1.312248325E0,2.193665206E-1,-6.313889027E-1,-4.898939133E-1,8.287156708E-1
1.329241967E0,1.055567637E-1,-6.014662981E-1,-6.234703064E-1,8.727079472E-1
1.346233454E0,-1.619639248E-2,-5.536620617E-1,-6.555700302E-1,8.582400982E-1
1.363231787E0,-7.946366072E-2,-5.765563250E-1,-5.527906418E-1,8.026887086E-1
1.380226751E0,-2.135075927E-1,-5.124751329E-1,-3.251008987E-1,6.433559267E-1
1.397224309E0,-2.881967425E-1,-3.781652451E-1,-3.524990082E-1,5.918799420E-1
1.414229855E0,-2.043322921E-1,-4.415479898E-1,-7.555303574E-1,8.986336483E-1
1.431217343E0,-3.379623592E-1,-3.935557604E-1,-8.136835098E-1,9.649795578E-1
1.448190681E0,-4.752436280E-1,-2.435902357E-1,-7.251844406E-1,9.006026770E-1
1.465202267E0,-4.382193387E-1,-1.224737167E-1,-4.797906876E-1,6.612375548E-1
1.482202157E0,-3.443737030E-1,-1.437344551E-1,-1.337718964E-1,3.964186690E-1
1.499179523E0,-3.622977436E-1,-2.677266598E-1,8.768081665E-2,4.589391517E-1
1.516186226E0,-2.370400429E-1,-2.997235060E-1,1.459112167E-1,4.090381952E-1
1.533184661E0,1.124493778E-1,-4.292389154E-1,5.555438995E-2,4.471881029E-1
1.550171265E0,2.338209152E-1,-6.519497633E-1,-1.596832275E-2,6.927955698E-1
1.567169799E0,1.248433292E-1,-7.892785072E-1,-1.250734329E-1,8.088199938E-1
1.584161296E0,5.084782839E-2,-8.058426380E-1,-3.940563202E-1,8.984699452E-1
1.601154786E0,1.883647442E-1,-8.522958755E-1,-7.583017349E-1,1.156248701E0
1.618148814E0,3.363445699E-1,-1.036566973E0,-1.216327667E0,1.633111066E0
1.635123313E0,3.844243884E-1,-1.259956717E0,-1.706235409E0,2.155577025E0
1.652129203E0,3.047414720E-1,-1.386040211E0,-2.228481293E0,2.641988589E0
1.669124086E0,2.411931157E-1,-1.304925680E0,-2.817298412E0,3.114189380E0
1.686110740E0,1.028476954E-1,-1.039127588E0,-3.321601391E0,3.481867257E0
1.703114099E0,1.205338240E-1,-6.777577400E-1,-3.713151455E0,3.776423928E0
1.720114037E0,4.108428955E-2,-3.097980022E-1,-3.775930405E0,3.788840607E0
1.737105004E0,5.056196451E-2,-1.179056168E-1,-3.794993877E0,3.797161674E0
1.754095698E0,2.509395480E-1,4.264521599E-2,-3.760130405E0,3.768735854E0
1.771091802E0,2.939422429E-1,3.151495457E-1,-3.645922661E0,3.671304036E0
1.788059371E0,3.712798655E-1,3.892738819E-1,-3.370018959E0,3.412683794E0
1.805067937E0,4.267176390E-1,1.774659157E-1,-3.051157475E0,3.085959175E0
1.822060258E0,3.603823781E-1,-4.179048538E-2,-2.923436642E0,2.945862132E0
1.839053544E0,1.791508198E-1,8.010387421E-3,-2.904431343E0,2.909962304E0
1.856047512E0,1.753207147E-1,2.049808502E-1,-3.032279968E0,3.044252997E0
1.873038816E0,3.903793693E-1,1.911251545E-1,-3.017128944E0,3.048276881E0
1.890046771E0,5.229055285E-1,-3.265643120E-2,-2.565552711E0,2.618502883E0
1.907030403E0,5.306006670E-1,-2.120542526E-1,-1.720519066E0,1.812923035E0
1.924031167E0,5.279767513E-1,-2.517559528E-1,-1.047351837E0,1.199619265E0
1.941034077E0,6.612977982E-1,-3.957366943E-1,-1.188791275E0,1.416738157E0
1.958023416E0,7.021698356E-1,-7.663787603E-1,-1.664210796E0,1.962135688E0
1.975015990E0,3.722640276E-1,-1.044481039E0,-1.601594925E0,1.947980352E0
1.992010356E0,-2.547218800E-1,-1.074820638E0,-1.344928741E0,1.740389600E0
2.009004558E0,-7.147471905E-1,-1.055402279E0,-8.155851364E-1,1.513247049E0
2.025998109E0,-8.821326494E-1,-1.060612798E0,-2.051353455E-2,1.379666019E0
2.042991488E0,-7.853829265E-1,-1.069404840E0,7.720937729E-1,1.535116233E0
2.059978497E0,-6.628468037E-1,-1.002763748E0,1.145495415E0,1.660439931E0
2.076986015E0,-5.195000768E-1,-8.265612721E-1,1.414817810E0,1.718951222E0
2.093956994E0,-4.328190088E-1,-5.866028070E-1,1.823012352E0,1.963366798E0
2.110926660E0,-3.514206707E-1,-5.403739214E-1,2.394159317E0,2.479415112E0
2.127950982E0,-4.455741644E-1,-3.152615428E-1,2.725101471E0,2.779227267E0
2.144941044E0,-5.676108003E-1,-1.862927675E-1,2.729003906E0,2.793626556E0
2.161933812E0,-4.710528851E-1,-8.122265339E-3,2.620947838E0,2.662954067E0
2.178926814E0,-2.571749091E-1,-4.016235471E-2,2.719029427E0,2.731459861E0
2.195938674E0,-4.026153684E-1,4.362413287E-2,3.057552338E0,3.084254934E0
2.212929612E0,-5.964363217E-1,1.083348244E-1,3.033995628E0,3.093962216E0
2.229897925E0,-5.006216764E-1,2.296865284E-1,2.862414360E0,2.914926060E0
2.246908942E0,-2.745648026E-1,3.672105074E-1,2.755517006E0,2.793403544E0
2.263897122E0,-1.412956715E-1,4.143367410E-1,2.708040237E0,2.743195460E0
2.280890663E0,-2.109371424E-1,3.952281177E-1,2.490034103E0,2.530013751E0
2.297881274E0,-1.389734745E-1,4.074246287E-1,2.349717140E0,2.388823789E0
2.314880602E0,1.342065334E-1,4.643808603E-1,2.718891144E0,2.761526757E0
2.331870045E0,4.236075878E-1,3.409751058E-1,3.297124863E0,3.341667214E0
2.348861063E0,4.171781540E-1,1.699834466E-1,3.593201637E0,3.621329865E0
2.365863138E0,3.765351772E-1,7.122880220E-2,3.596858978E0,3.617215337E0
2.382866119E0,4.977668524E-1,2.333648503E-2,3.398497581E0,3.434836567E0
2.399863301E0,5.776100159E-1,-7.846206427E-3,3.057932854E0,3.112016747E0
2.416854177E0,3.814939260E-1,-7.538370788E-3,2.789145470E0,2.815124668E0
2.433847790E0,1.771086454E-1,-7.605150342E-3,2.624910355E0,2.630889523E0
2.450841259E0,-1.232075691E-2,-5.533716828E-2,2.470642090E0,2.471292443E0
2.467831708E0,-9.743893147E-2,-1.153734177E-1,2.160671234E0,2.165942186E0
2.484828107E0,-1.790884137E-1,-1.748981327E-1,1.605110168E0,1.624512441E0
2.501815788E0,-1.871191263E-1,-1.565607637E-1,1.204064369E0,1.228534023E0
2.518813470E0,-7.128304243E-2,-1.558302641E-1,8.868112564E-1,9.032156707E-1
2.535812645E0,-7.205426693E-3,-2.057732344E-1,7.076683044E-1,7.370135489E-1
2.552791498E0,-1.495299041E-1,-3.384625912E-1,6.514663696E-1,7.492159559E-1
2.569803441E0,-3.008960485E-1,-4.559780955E-1,6.505479813E-1,8.495099361E-1
2.586785578E0,-3.622971177E-1,-4.887199402E-1,6.615095139E-1,8.987219917E-1
2.603785142E0,-3.670660853E-1,-5.780965686E-1,5.891170502E-1,9.033227842E-1
2.620778458E0,-2.909657955E-1,-7.067604065E-1,3.372125626E-1,8.353943253E-1
2.637766567E0,-1.687396169E-1,-8.194063902E-1,8.174705505E-2,8.405846011E-1
2.654766191E0,-1.033282280E-1,-7.763272524E-1,1.053009033E-1,7.902208588E-1
2.671762876E0,-9.135275334E-2,-7.871548533E-1,2.488327026E-2,7.928286485E-1
2.688750973E0,-9.706579149E-2,-7.899876833E-1,-3.460121155E-2,7.966803321E-1
2.705749224E0,-8.462116122E-2,-8.765845895E-1,-1.640768051E-1,8.958138654E-1
2.722740833E0,-5.777707696E-2,-8.499768376E-1,-3.685464859E-1,9.282377537E-1
2.739725432E0,2.481141686E-2,-8.554239273E-1,-4.187726974E-1,9.527519478E-1
2.756725666E0,-6.596097350E-2,-9.372603297E-1,-1.644639969E-1,9.538638173E-1
2.773709310E0,-2.279921770E-1,-8.644440770E-1,2.046966553E-2,8.942387837E-1
2.790693288E0,-1.631586552E-1,-8.449779749E-1,-2.784528732E-1,9.045134203E-1
2.807696574E0,-1.260377169E-1,-7.338533401E-1,-4.440040588E-1,8.669289678E-1
2.824690247E0,-1.976204515E-1,-7.569279671E-1,-4.066896439E-1,8.816973725E-1
2.841684266E0,-3.953315616E-1,-7.525054216E-1,-2.186384201E-1,8.776982465E-1
2.858683605E0,-4.792628288E-1,-6.729090214E-1,-1.393165588E-1,8.377998053E-1
2.875684938E0,-3.323611617E-1,-8.754560947E-1,-2.191362381E-1,9.617213767E-1
2.892678754E0,-4.362179041E-1,-1.194814324E0,-1.471595764E-1,1.280438702E0
2.909672549E0,-7.658936977E-1,-1.312193394E0,1.021728516E-1,1.522788216E0
2.926666507E0,-9.772074223E-1,-1.267885327E0,1.236915588E-1,1.605542634E0
2.943656468E0,-1.016368747E0,-1.269890070E0,-4.929857254E-1,1.699606173E0
2.960656295E0,-8.667352200E-1,-1.123096585E0,-1.385210037E0,1.982771477E0
2.977644494E0,-6.044191122E-1,-1.014610767E0,-1.968501091E0,2.295594480E0
2.994638117E0,-4.451904297E-1,-8.329496384E-1,-2.263604164E0,2.452733869E0
3.011624487E0,-2.556681633E-3,-7.960538864E-1,-2.493631363E0,2.617614506E0
3.028631648E0,4.372426867E-1,-7.464351654E-1,-2.492303848E0,2.638166995E0
3.045619299E0,7.408567667E-1,-7.760903835E-1,-2.560423851E0,2.776140366E0
3.062618933E0,7.510470152E-1,-7.540044785E-1,-2.683094025E0,2.886449015E0
3.079609728E0,7.433315516E-1,-6.801099777E-1,-3.036216259E0,3.199015559E0
3.096603645E0,7.738298178E-1,-6.320564747E-1,-3.412762165E0,3.556016531E0
3.113597136E0,7.068479061E-1,-5.580210686E-1,-3.549092293E0,3.661567639E0
3.130587238E0,5.481559038E-1,-4.507987499E-1,-3.635046005E0,3.703681124E0
3.147582395E0,4.464490116E-1,-2.440705299E-1,-3.746979237E0,3.781367549E0
3.164567808E0,3.421505690E-1,1.646280289E-3,-3.717882156E0,3.733593102E0
3.181572550E0,2.390030622E-1,1.433115005E-1,-3.709651470E0,3.720104122E0
3.198565866E0,9.985685349E-2,1.275804043E-1,-3.661394119E0,3.664976814E0
3.215551005E0,1.075761020E-1,1.008739471E-1,-3.394471169E0,3.397673128E0
3.232550212E0,2.954299450E-1,1.275742054E-1,-3.234070301E0,3.250040729E0
3.249537507E0,3.508383632E-1,1.644165516E-1,-3.029932022E0,3.054604462E0
3.266527131E0,3.269078732E-1,1.003937721E-1,-2.877078533E0,2.897331281E0
3.283521303E0,3.010491431E-1,-1.644995213E-1,-2.536718369E0,2.559810688E0
3.300515180E0,2.354393154E-2,-2.920613289E-1,-2.309419632E0,2.327933241E0
3.317509005E0,-2.234052122E-1,-4.975097179E-1,-2.127039909E0,2.195842568E0
3.334502211E0,-4.859254062E-1,-7.747931480E-1,-1.764162540E0,1.987132958E0
3.351499444E0,-5.139785409E-1,-1.196122408E0,-1.380535126E0,1.897566860E0
3.368503137E0,-2.853113413E-1,-1.285241723E0,-8.576440811E-1,1.571242253E0
3.385470127E0,2.586802244E-1,-1.011696577E0,-4.251909256E-1,1.127489577E0
3.402487849E0,8.564829230E-1,-1.005593181E0,-1.360321045E-2,1.320971495E0
3.419484116E0,1.058270454E0,-1.088904619E0,3.606357574E-1,1.560675422E0
3.436481288E0,8.900465965E-1,-9.263184667E-1,7.202663422E-1,1.472763542E0
3.453468706E0,8.514535427E-1,-4.733543396E-1,9.792442322E-1,1.381288070E0
3.470468411E0,8.688722849E-1,-5.274651647E-1,1.167887688E0,1.548263608E0
3.487459143E0,3.664193153E-1,-5.945412517E-1,1.338529587E0,1.509769476E0
3.504453021E0,-2.166849375E-1,-4.198358655E-1,1.637472153E0,1.704268044E0
3.521446928E0,-1.204108000E-1,-5.828577280E-1,1.832250595E0,1.926490108E0
3.538427315E0,-1.000527143E-1,-4.365447760E-1,1.962771416E0,2.013219689E0
3.555431527E0,-6.828474998E-2,-2.958487272E-1,2.147628784E0,2.168985632E0
3.572431416E0,-2.392091751E-1,-9.165644646E-2,2.411417961E0,2.424986292E0
3.589395884E0,-3.753296137E-1,-5.988758802E-2,2.364647865E0,2.394998616E0
3.606416228E0,-4.891712666E-1,2.247186303E-1,2.175077438E0,2.240702759E0
3.623408773E0,-1.334110498E-1,3.966499865E-1,2.533461571E0,2.567792291E0
3.640399558E0,1.564626694E-1,4.227041602E-1,3.201735497E0,3.233306290E0
3.657401216E0,1.383901834E-1,5.148788095E-1,3.327990532E0,3.370426236E0
3.674390200E0,4.536747932E-2,6.309072375E-1,2.877234459E0,2.945943021E0
3.691384616E0,7.920742035E-3,6.439204216E-1,2.642538071E0,2.719872001E0
3.708378278E0,3.747344017E-2,6.583569646E-1,2.870940208E0,2.945697851E0
3.725370354E0,2.039872408E-1,5.952774286E-1,3.197194099E0,3.258529748E0
3.742362247E0,3.531197309E-1,4.595221877E-1,3.400744438E0,3.449770560E0
3.759345300E0,3.919082880E-1,3.146361709E-1,3.657920837E0,3.692285590E0
3.776344282E0,4.607006311E-1,1.531921625E-1,3.918742180E0,3.948702721E0
3.793333888E0,4.883255959E-1,1.227732450E-1,3.881983757E0,3.914502912E0
3.810327082E0,5.980007648E-1,6.025031209E-2,3.618140221E0,3.667720501E0
3.827321121E0,5.529572964E-1,3.916458040E-2,3.392842293E0,3.437829906E0
3.844318142E0,4.021170139E-1,3.775361925E-3,3.291749954E0,3.316222264E0
3.861322017E0,3.718469143E-1,-1.231545061E-1,3.271986961E0,3.295350639E0
3.878279394E0,3.161680698E-1,-2.517980635E-1,3.037001610E0,3.063779250E0
3.895314003E0,2.253003120E-1,-3.598598242E-1,2.712037086E0,2.745069122E0
3.912305387E0,2.272686958E-1,-5.483378172E-1,2.237454414E0,2.314849386E0
3.929297086E0,3.002811670E-1,-8.073076010E-1,1.606281281E0,1.822650239E0
3.946290556E0,1.950728893E-2,-8.960877657E-1,1.317363739E0,1.593361553E0
3.963284137E0,-2.803572416E-1,-9.410977960E-1,1.254089355E0,1.592797965E0
3.980277790E0,-3.180567622E-1,-9.274928570E-1,1.132918358E0,1.498301408E0
3.997271880E0,-2.260569334E-1,-1.034593105E0,8.444232941E-1,1.354450195E0
4.014265259E0,-1.432878375E-1,-1.187047243E0,4.154949188E-1,1.265799585E0
4.031259583E0,-1.593793333E-1,-1.308498979E0,9.945487976E-2,1.321916269E0
4.048252950E0,-1.786460876E-1,-1.381244659E0,5.469608307E-2,1.393823122E0
4.065235118E0,-3.580871820E-1,-1.482171774E0,3.819084167E-2,1.525292804E0
4.082237265E0,-5.235028267E-1,-1.496268153E0,-1.729021072E-1,1.594606138E0
4.099245720E0,-4.203079343E-1,-1.296638250E0,-5.387878418E-1,1.465681360E0
4.116228182E0,-1.022765413E-1,-1.160047054E0,-1.073712349E0,1.583991120E0
4.133222283E0,2.071293592E-1,-1.036103845E0,-1.294569016E0,1.671024442E0
4.150215172E0,2.683925033E-1,-1.056418777E0,-1.119003296E0,1.562121488E0
4.167209517E0,-1.909852028E-3,-9.914342165E-1,-6.919431686E-1,1.209020596E0
4.184202723E0,-1.533327699E-1,-1.060236335E0,-4.368972778E-1,1.156931828E0
4.201184097E0,-2.652695775E-1,-1.066225410E0,-5.021076202E-1,1.208021786E0
4.218193059E0,-2.600361705E-1,-1.084900022E0,-7.972202301E-1,1.371199096E0
4.235176997E0,-3.977493048E-1,-9.589893818E-1,-9.444541931E-1,1.403516607E0
4.252154649E0,-4.666520953E-1,-8.632627726E-1,-9.082899094E-1,1.337152703E0
4.269158840E0,-3.438912630E-1,-8.050999641E-1,-9.267063141E-1,1.274845773E0
4.286152136E0,-1.414547563E-1,-7.793343067E-1,-1.168904305E0,1.411987494E0
4.303146034E0,-1.649069190E-1,-6.172323227E-1,-1.146564484E0,1.312547198E0
4.320139819E0,-2.888527513E-1,-5.262732506E-1,-9.207611084E-1,1.099181725E0
4.337132311E0,-2.724387050E-1,-5.088155270E-1,-9.744195938E-1,1.132523569E0
4.354142923E0,-9.493643045E-2,-6.522667408E-1,-1.156109810E0,1.330809798E0
4.371134418E0,-5.388176441E-2,-7.875144482E-1,-1.330107212E0,1.546695654E0
4.388118356E0,-1.366361380E-1,-8.108730316E-1,-1.399641991E0,1.623324431E0
4.405120411E0,-7.740473747E-2,-8.791236877E-1,-1.486260414E0,1.728531160E0
4.422102702E0,4.572218657E-2,-8.588252068E-1,-1.871058464E0,2.059254970E0
4.439105764E0,1.565938592E-1,-7.487363815E-1,-2.429385185E0,2.546966860E0
4.456126506E0,3.637735248E-1,-6.301710606E-1,-2.872212887E0,2.962946778E0
4.473097129E0,5.367991924E-1,-7.465858459E-1,-3.266688824E0,3.393641064E0
4.490090384E0,5.351763964E-1,-7.435584068E-1,-3.291699886E0,3.416808602E0
4.507082348E0,4.456245899E-1,-6.506543159E-1,-3.344420433E0,3.436143237E0
4.524078341E0,2.959471345E-1,-5.097000599E-1,-3.627465248E0,3.675035100E0
4.541071871E0,2.322315574E-1,-4.167680740E-1,-4.009595871E0,4.037881397E0
4.558065341E0,1.383436322E-1,-3.242793083E-1,-4.128882885E0,4.143907565E0
4.575058902E0,-2.022618055E-2,-1.184167862E-1,-3.783396244E0,3.785302996E0
4.592052709E0,-1.077635884E-1,-5.860447884E-2,-3.388935566E0,3.391154928E0
4.609034256E0,8.342802525E-2,1.177740097E-2,-3.265022755E0,3.266109694E0
4.626040013E0,1.768075824E-1,-2.922058105E-3,-3.038423061E0,3.043564384E0
4.643048437E0,8.965083957E-2,-3.861737251E-2,-2.604083538E0,2.605912441E0
4.660028133E0,-7.581311464E-2,-1.985526085E-2,-2.522216797E0,2.523434055E0
4.677022060E0,-1.903635710E-1,1.886336803E-1,-2.757264137E0,2.770257475E0
4.694002245E0,-1.215078831E-1,7.989597321E-2,-2.796754360E0,2.800532536E0
4.711009518E0,-1.636608094E-1,-2.250933647E-2,-2.610541821E0,2.615763775E0
4.727999469E0,9.871372581E-2,-2.862198353E-1,-2.100998878E0,2.122701694E0
4.744982582E0,3.666894436E-1,-7.849787474E-1,-1.461488724E0,1.699000315E0
4.761977100E0,3.213295639E-1,-7.608635426E-1,-1.003701210E0,1.299839274E0
4.778971098E0,4.673447907E-1,-8.223922253E-1,-8.091602325E-1,1.244781269E0
4.795964792E0,4.045667648E-1,-8.889147043E-1,-5.601463318E-1,1.125880780E0
4.812958781E0,1.876399517E-1,-9.250461459E-1,-2.027187347E-1,9.654087264E-1
4.829967712E0,-3.190100193E-3,-8.455950618E-1,3.066654205E-1,8.994914482E-1
4.846959789E0,-9.700149298E-2,-6.768984199E-1,7.418966293E-1,1.008965494E0
4.863952759E0,-4.872083664E-2,-5.881889462E-1,9.345636368E-1,1.105327620E0
4.880940512E0,-2.499663830E-2,-4.170039892E-1,7.826309204E-1,8.871461641E-1
4.897947217E0,1.537193060E-1,-3.340393305E-1,5.762767792E-1,6.835984388E-1
4.914932323E0,4.638955593E-1,-4.668035209E-1,8.823175430E-1,1.100721974E0
4.931928042E0,3.980970383E-1,-5.163371563E-1,1.386025429E0,1.531715313E0
4.948909305E0,2.919548750E-1,-4.233510494E-1,1.988053322E0,2.053489657E0
4.965915164E0,2.082365751E-1,-3.990468085E-1,2.361823082E0,2.404331320E0
4.982909306E0,2.117683887E-1,-4.084451497E-1,2.300178528E0,2.345739660E0
4.999903162E0,1.242568493E-1,-2.819829583E-1,2.361923218E0,2.381939428E0
5.016893782E0,4.854607582E-2,-1.536638141E-1,2.682513237E0,2.687349355E0
5.033893550E0,1.431505680E-1,-7.946491241E-2,3.160820007E0,3.165057642E0
5.050864314E0,3.663034439E-1,-1.829133630E-1,3.577553749E0,3.600906322E0
5.067873479E0,5.317432880E-1,-2.018015385E-1,3.957693100E0,3.998350842E0
5.084843552E0,7.117869854E-1,-2.742792368E-1,4.284224510E0,4.351603092E0
5.101844000E0,8.136708736E-1,-4.393544197E-1,4.512661934E0,4.606431409E0
5.118856869E0,8.049905300E-1,-6.162892580E-1,4.675315857E0,4.783973303E0
5.135854225E0,7.046477795E-1,-7.512249947E-1,4.499382973E0,4.615768042E0
5.152834745E0,5.236692429E-1,-7.875843048E-1,3.937977791E0,4.049961431E0
5.169837543E0,2.963166237E-1,-7.773677111E-1,3.633405685E0,3.727430881E0
5.186837391E0,1.003668308E-1,-7.817600965E-1,3.658294678E0,3.742237606E0
5.203828083E0,2.889847755E-2,-7.168592215E-1,3.569990158E0,3.641366776E0
5.220818848E0,-3.345131874E-2,-5.888855457E-1,3.337389946E0,3.389111510E0
5.237802083E0,7.048702240E-2,-5.083256960E-1,2.969963074E0,3.013974800E0
5.254796356E0,2.856230736E-1,-5.034074187E-1,2.678141594E0,2.739971162E0
5.271786734E0,3.999884129E-1,-5.349936485E-1,2.508731842E0,2.596140287E0
5.288784079E0,3.684638739E-1,-5.561223030E-1,2.375926971E0,2.467806033E0
5.305774446E0,3.785275221E-1,-6.098850369E-1,2.238176346E0,2.350462975E0
5.322777315E0,3.559103012E-1,-7.879345417E-1,2.023445129E0,2.200418864E0
5.339762026E0,1.168819666E-1,-9.202548265E-1,1.784441948E0,2.011159717E0
5.356758975E0,5.559444427E-2,-1.026243925E0,1.393886566E0,1.731816126E0
5.373768528E0,1.664694548E-1,-1.209498048E0,9.851293564E-1,1.568782157E0
5.390759068E0,1.393131018E-1,-1.345800161E0,7.881040573E-1,1.565788689E0
5.407753615E0,1.398926973E-1,-1.414223790E0,7.404508591E-1,1.602456355E0
5.424747186E0,2.810520530E-1,-1.383670449E0,5.663490295E-1,1.521277553E0
5.441740280E0,3.727497458E-1,-1.427950978E0,1.681737900E-1,1.485351404E0
5.458734624E0,3.589140773E-1,-1.401972175E0,-3.117246628E-1,1.480377505E0
5.475728562E0,2.833216488E-1,-1.379552603E0,-5.093660355E-1,1.497628224E0
5.492724117E0,2.377591878E-1,-1.319884062E0,-6.960382462E-1,1.510990605E0
5.509716285E0,1.110440120E-1,-1.209520698E0,-8.923559189E-1,1.507172909E0
5.526696062E0,-1.747959852E-2,-1.238602996E0,-1.228705406E0,1.744752101E0
5.543690132E0,-4.572829604E-2,-1.266665101E0,-1.455448151E0,1.929989864E0
5.560694151E0,-1.429672837E-1,-1.139973402E0,-1.384486198E0,1.799105621E0
5.577693734E0,-1.005353928E-1,-1.095174074E0,-1.476956367E0,1.841443382E0
5.594674030E0,-3.229844570E-2,-1.092045903E0,-1.802368164E0,2.107638120E0
5.611675943E0,-1.478062272E-1,-1.213999987E0,-1.891654968E0,2.252554365E0
5.628672454E0,-5.140728354E-1,-1.121999264E0,-1.625214577E0,2.040704694E0
5.645664103E0,-5.831528306E-1,-9.185446501E-1,-1.584578514E0,1.922155188E0
5.662660076E0,-3.924356103E-1,-8.370231390E-1,-1.917676449E0,2.128872097E0
5.679653351E0,-3.292167187E-1,-7.420586348E-1,-2.225758553E0,2.369184628E0
5.696635143E0,-3.437281251E-1,-5.794198513E-1,-2.026487827E0,2.135539581E0
5.713637311E0,-2.314802408E-1,-4.430530071E-1,-1.660595894E0,1.734202350E0
5.730621635E0,3.498494625E-2,-3.392405510E-1,-1.770226479E0,1.802778379E0
5.747605095E0,4.172537327E-1,-4.273698330E-1,-2.047469139E0,2.132809304E0
5.764610629E0,4.946304262E-1,-4.080796242E-1,-2.080671787E0,2.177242137E0
5.781601190E0,5.085890293E-1,-2.830212116E-1,-1.976194859E0,2.060123765E0
5.798596571E0,5.891900063E-1,-2.103457451E-1,-2.258401871E0,2.343452412E0
5.815597395E0,5.678987503E-1,-1.624069214E-1,-2.552032471E0,2.619495129E0
5.832597397E0,4.108644426E-1,-3.834009171E-3,-2.757955551E0,2.788394361E0
5.849591049E0,4.698051810E-1,1.547312737E-1,-3.136336803E0,3.175101135E0
5.866585332E0,5.529127121E-1,1.948955059E-1,-3.492826939E0,3.541685580E0
5.883578406E0,5.900955200E-1,7.474040985E-2,-3.624310970E0,3.672795783E0
5.900555853E0,5.770605206E-1,4.540324211E-2,-3.592036724E0,3.638377128E0
5.917566027E0,4.935085177E-1,1.477108002E-1,-3.517981052E0,3.555497127E0
5.934577735E0,5.097316504E-1,6.813335419E-2,-3.486065388E0,3.523793467E0
5.951553943E0,2.422356904E-1,-1.568818092E-2,-3.465951443E0,3.474441488E0
5.968547727E0,-3.701436520E-2,-1.556048393E-1,-3.449434280E0,3.453140568E0
5.985531472E0,-2.386069298E-1,-3.292453289E-1,-3.448410988E0,3.472300980E0
6.002528227E0,-3.272075057E-1,-2.799675465E-1,-3.526126385E0,3.552325134E0
6.019535745E0,-4.029872119E-1,-2.338488102E-1,-3.470280647E0,3.501418531E0
6.036523029E0,-4.493428767E-1,-1.523089409E-1,-3.261762142E0,3.296088486E0
6.053516429E0,-1.948486567E-1,-2.517886162E-1,-3.044570923E0,3.061172261E0
6.070496562E0,5.899202824E-2,-5.033004284E-1,-2.561791897E0,2.611430471E0
6.087503989E0,1.565825194E-2,-2.900960445E-1,-2.018189907E0,2.038992741E0
6.104497712E0,3.071251214E-1,-2.392178774E-1,-1.609284401E0,1.655701457E0
6.121496259E0,6.640081406E-1,-4.452494383E-1,-8.632698059E-1,1.176600455E0
6.138486025E0,7.221052647E-1,-7.758122087E-1,-5.872917175E-2,1.061494094E0
6.155479779E0,5.292112827E-1,-1.061384916E0,7.980318069E-1,1.429495466E0
6.172447727E0,2.112626433E-1,-1.164554358E0,1.642696381E0,2.024665443E0
6.189463046E0,-1.954603195E-2,-1.240676761E0,2.034558296E0,2.383083786E0
6.206460005E0,-1.728888154E-1,-1.052294731E0,1.868375778E0,2.151288635E0
6.223440597E0,-2.941905260E-1,-8.970780373E-1,1.297208786E0,1.604383902E0
6.240432154E0,-2.484887242E-1,-7.861664891E-1,1.102296829E0,1.376540117E0
6.257430445E0,-1.476845741E-1,-8.360878229E-1,1.620598793E0,1.829533828E0
6.274421922E0,-2.029883862E-1,-8.065980673E-1,2.273185730E0,2.420573917E0
6.291415747E0,-2.772308588E-1,-6.949925423E-1,2.829807281E0,2.927060101E0
6.308437048E0,-2.441413403E-1,-5.556069613E-1,2.666928291E0,2.735107055E0
6.325412756E0,-1.933827400E-1,-4.119108617E-1,2.211748123E0,2.258073781E0
6.342394285E0,-1.408281326E-1,-3.811118603E-1,1.897066116E0,1.940087282E0
6.359400927E0,-3.346096277E-1,-3.413109481E-1,1.775179863E0,1.838401564E0
6.376401243E0,-4.534449577E-1,-9.070092440E-2,2.053519249E0,2.104941874E0
6.393387429E0,-9.668552876E-2,6.629598141E-2,2.612774849E0,2.615403537E0
6.410384836E0,2.653567791E-1,1.069834828E-1,3.068074226E0,3.081385913E0
6.427370014E0,4.995322227E-1,2.304556966E-1,3.390721321E0,3.435059439E0
6.444379232E0,7.220361233E-1,2.667982578E-1,3.726614952E0,3.805282706E0
6.461368540E0,8.451905251E-1,1.992979050E-1,3.914607048E0,4.009764958E0
6.478361267E0,8.675234318E-1,9.849262238E-2,3.857521057E0,3.955093729E0
6.495353963E0,8.256568909E-1,-5.067443848E-2,3.769610405E0,3.859305612E0
6.512348421E0,6.590521336E-1,-1.457889080E-1,3.771449089E0,3.831374734E0
6.529341249E0,5.135025978E-1,-2.473452091E-1,3.758107185E0,3.801083291E0
6.546328513E0,3.971507549E-1,-2.968980074E-1,3.636179924E0,3.669834000E0
6.563330051E0,4.160833359E-1,-2.685882449E-1,3.392719269E0,3.428674529E0
6.580341973E0,5.075716972E-1,-2.319210768E-1,3.044175148E0,3.094902057E0
6.597321231E0,7.314505577E-1,-2.042733431E-1,2.548537254E0,2.659283673E0
6.614305516E0,8.502469063E-1,-1.764551401E-1,2.230466843E0,2.393541007E0
6.631275354E0,7.903811932E-1,-2.546508312E-1,2.419687271E0,2.558209524E0
6.648295415E0,7.053340673E-1,-3.506826758E-1,2.516068459E0,2.636489138E0
6.665277012E0,6.515319347E-1,-4.704586267E-1,2.230953217E0,2.371281813E0
6.682285844E0,5.618491173E-1,-5.134053230E-1,1.822926521E0,1.975429209E0
6.699276292E0,4.630113840E-1,-4.794020057E-1,1.445168495E0,1.591451477E0
6.716259914E0,4.584219456E-1,-5.111762285E-1,1.188257217E0,1.372372774E0
6.733253426E0,6.415251493E-1,-7.449259162E-1,8.600759506E-1,1.306215824E0
6.750247484E0,6.434427500E-1,-9.370273352E-1,9.218988419E-1,1.463535539E0
6.767243487E0,3.863128424E-1,-1.151851058E0,1.224316597E0,1.724804221E0
6.784232970E0,1.808706522E-1,-1.267862558E0,1.037150383E0,1.647989859E0
6.801224923E0,1.246660352E-1,-1.259485364E0,3.372554779E-1,1.309803901E0
6.818235493E0,8.905631304E-2,-1.211358309E0,-2.019138336E-1,1.231295730E0
6.835231455E0,1.207528710E-1,-1.169361234E0,-3.786811829E-1,1.235065338E0
6.852220815E0,2.178969979E-1,-1.216873288E0,-3.086061478E-1,1.274165396E0
6.869215494E0,1.757250130E-1,-1.109753132E0,-4.451503754E-1,1.208548779E0
6.886210317E0,1.095865667E-1,-1.004915833E0,-5.295972824E-1,1.141200390E0
6.903207521E0,1.148768365E-1,-9.866089821E-1,-5.950326920E-1,1.157867814E0
6.920196464E0,4.622871429E-2,-9.660753608E-1,-7.870960236E-1,1.246979890E0
6.937191977E0,-1.021480262E-1,-1.031011105E0,-8.875751495E-1,1.364260885E0
6.954186271E0,-4.498053193E-1,-1.062146664E0,-8.907909393E-1,1.457391114E0
6.971179639E0,-5.924767256E-1,-1.118722796E0,-1.132735252E0,1.698722613E0
6.988156944E0,-5.657024384E-1,-1.221599221E0,-1.280675888E0,1.858078210E0
7.005166171E0,-7.576221228E-1,-1.219852209E0,-1.279910088E0,1.923590530E0
7.022161504E0,-6.308212280E-1,-1.141856790E0,-1.556242466E0,2.030680419E0
7.039151300E0,-3.847216368E-1,-1.085646629E0,-1.865265369E0,2.192225864E0
7.056149744E0,-3.257365823E-1,-1.179948330E0,-1.943665504E0,2.297001954E0
7.073132238E0,-4.031824470E-1,-1.113604188E0,-2.032812595E0,2.352657523E0
7.090132544E0,-3.175595403E-1,-8.311185837E-1,-2.326579571E0,2.490898364E0
7.107133530E0,-2.054426670E-1,-6.885931492E-1,-2.570108414E0,2.668674666E0
7.124123633E0,-2.043411732E-1,-7.405531406E-1,-2.542857170E0,2.656369112E0
7.141117449E0,-1.767336130E-1,-8.351333141E-1,-2.651402473E0,2.785429500E0
7.158111010E0,2.010494471E-2,-7.088720798E-1,-3.021187782E0,3.103301379E0
7.175105090E0,3.783596754E-1,-6.890256405E-1,-3.471108437E0,3.559003534E0
7.192096230E0,4.623056650E-1,-7.338893414E-1,-3.511496544E0,3.617033048E0
7.209063068E0,9.014615417E-2,-7.069942951E-1,-3.201631069E0,3.280001336E0
7.226073027E0,-6.413716078E-2,-5.385634899E-1,-3.075528622E0,3.122985833E0
7.243066793E0,1.800187826E-1,-4.502937794E-1,-3.533100605E0,3.566226456E0
7.260050791E0,3.214285374E-1,-2.364778519E-1,-4.055037022E0,4.074624317E0
7.277051625E0,3.569498956E-1,-2.055416107E-1,-4.270010948E0,4.289831474E0
7.294066895E0,3.323206902E-1,-5.050485134E-1,-4.094421387E0,4.138815958E0
7.311054994E0,2.508847117E-1,-7.632014751E-1,-4.009807587E0,4.089495875E0
7.328048615E0,2.338650078E-1,-8.664953709E-1,-4.023162365E0,4.122055614E0
7.345041942E0,2.177958637E-1,-7.082562447E-1,-3.853648663E0,3.924241323E0
7.362036614E0,1.985978186E-1,-7.826993465E-1,-3.667116165E0,3.754970084E0
7.379030733E0,1.831675023E-1,-1.110417128E0,-3.592592716E0,3.764744209E0
7.396023990E0,6.566941738E-4,-1.222218752E0,-3.446299553E0,3.656610414E0
7.413004500E0,-1.339996308E-1,-6.264481544E-1,-3.195725918E0,3.259303197E0
7.430014805E0,5.287601352E-1,1.162457466E-1,-2.875283718E0,2.925808745E0
7.447000492E0,1.296563148E0,1.309306622E-1,-2.283654213E0,2.629314626E0
7.463999516E0,1.274012089E0,1.984629631E-1,-1.235677719E0,1.785887392E0
7.548967312E0,1.050361156E0,-2.783135176E-1,4.758890152E0,4.881367887E0
7.565962074E0,6.075944901E-1,-6.789861917E-1,6.293655396E0,6.359268162E0
7.582955351E0,4.337239265E-2,-6.913825274E-1,7.336736679E0,7.369368770E0
7.599947009E0,-2.554107904E-1,-7.004818320E-1,7.366933823E0,7.404567740E0
7.616947783E0,-4.480391741E-1,-5.724656582E-1,6.600036621E0,6.639950258E0
7.633934051E0,-4.427675605E-1,-5.787205100E-1,5.760272980E0,5.806178204E0
7.650930552E0,-4.730587006E-1,-5.873168707E-1,4.760547638E0,4.819910731E0
7.667924367E0,-3.894441724E-1,-7.098174691E-1,3.555485725E0,3.646503304E0
7.684900370E0,-3.219980001E-1,-7.887356281E-1,2.419791222E0,2.565380315E0
7.701898673E0,-4.743359685E-1,-6.928999424E-1,1.763721466E0,1.953411977E0
7.718892711E0,-5.895475149E-1,-6.231710911E-1,1.382086754E0,1.626675222E0
7.735886740E0,-7.351120710E-1,-5.553528070E-1,7.363128662E-1,1.179391001E0
7.752879824E0,-8.804020882E-1,-5.154808760E-1,-1.303796768E-1,1.028507283E0
7.769873944E0,-1.035535097E0,-3.756896257E-1,-8.521766663E-1,1.392724202E0
7.786871167E0,-1.167560816E0,-2.991831899E-1,-1.168375015E0,1.678633080E0
7.803886834E0,-1.149185658E0,-3.181248903E-1,-1.180726051E0,1.678077808E0
7.820868015E0,-1.184924245E0,-2.934243083E-1,-9.048080444E-1,1.519480467E0
7.837859481E0,-1.316723347E0,-3.109707236E-1,-6.651124954E-1,1.507593378E0
7.854859979E0,-1.378824115E0,-3.292201757E-1,-4.656457901E-1,1.492101828E0
7.871836878E0,-1.566069126E0,-4.290133715E-1,-1.860599518E-1,1.634393859E0
7.888842657E0,-1.852403641E0,-4.097085595E-1,1.863698959E-1,1.906303777E0
7.905824956E0,-2.076829433E0,-3.958161473E-1,2.354936600E-1,2.127286577E0
7.922831152E0,-2.146243572E0,-5.052761436E-1,9.433746338E-2,2.206935661E0
7.939822598E0,-2.241475344E0,-7.039300799E-1,3.538417816E-2,2.349676853E0
7.956820410E0,-2.199563980E0,-9.218828678E-1,3.476982117E-1,2.410154304E0
7.973812457E0,-2.397166967E0,-1.169161677E0,8.425426483E-1,2.797003148E0
7.990805011E0,-2.684757710E0,-1.273276091E0,1.268098831E0,3.230670303E0
8.007785662E0,-2.801064491E0,-1.163991809E0,1.319189072E0,3.307733215E0
8.024780363E0,-2.348099232E0,-1.074698329E0,1.006530762E0,2.771579094E0
8.041774403E0,-1.898262739E0,-1.114224434E0,7.774162292E-1,2.334367904E0
8.058768076E0,-1.665524244E0,-1.144236922E0,6.925182343E-1,2.136078334E0
8.075762237E0,-1.371278882E0,-9.716205597E-1,5.686340332E-1,1.774203187E0
8.092755473E0,-9.812437296E-1,-9.254489541E-1,3.525972366E-1,1.394137667E0
8.109769796E0,-6.326743960E-1,-9.501356483E-1,6.127929688E-2,1.143149069E0
8.126752280E0,-2.887148857E-1,-8.720334768E-1,-1.350336075E-1,9.284571854E-1
8.143750795E0,1.579304934E-1,-8.061587214E-1,-3.016557693E-1,8.751172082E-1
8.160743156E0,6.318817139E-1,-8.289505839E-1,-2.891330719E-1,1.081679945E0
8.177742372E0,8.870662451E-1,-6.631119847E-1,-2.405252457E-1,1.133338617E0
8.194708570E0,1.356020808E0,-5.046781898E-1,-2.305545807E-1,1.465144335E0
8.211712131E0,1.874286056E0,-3.973909616E-1,-4.950275421E-1,1.978868379E0
8.228705662E0,2.109188795E0,-2.535076141E-1,-6.759824753E-1,2.229326309E0
8.245689905E0,2.012587786E0,-1.284931898E-1,-7.174139023E-1,2.140491253E0
8.262693466E0,2.094448566E0,-1.176500320E-2,-7.477235794E-1,2.223947788E0
8.279690678E0,2.134685993E0,7.808315754E-2,-8.082122803E-1,2.283897624E0
8.296684382E0,2.362832546E0,2.879883051E-1,-1.021018982E0,2.590056885E0
8.313688300E0,2.774911880E0,3.908634186E-1,-1.106583595E0,3.012878592E0
8.330681331E0,3.000384331E0,2.941969633E-1,-8.530406952E-1,3.133135237E0
8.347663336E0,2.769402027E0,3.353677988E-1,-5.084981918E-1,2.835600388E0
8.364669654E0,2.717814922E0,5.345122814E-1,-4.319658279E-1,2.803357952E0
8.381662696E0,2.862654209E0,4.265782833E-1,-5.976600647E-1,2.955326667E0
8.398657092E0,2.933015823E0,2.725507021E-1,-6.002607346E-1,3.006190056E0
8.415637500E0,2.806626797E0,2.966120243E-1,-6.250333786E-1,2.890639963E0
8.432648233E0,2.751849651E0,2.581691742E-1,-6.881141663E-1,2.848302816E0
8.449642140E0,2.648212671E0,3.011964560E-1,-7.764606476E-1,2.776083715E0
8.466632822E0,2.637636900E0,4.038591385E-1,-7.733993530E-1,2.778196750E0
8.483625834E0,2.490372181E0,4.523394108E-1,-7.428627014E-1,2.637879742E0
8.500629740E0,2.423377037E0,2.696806192E-1,-9.500093460E-1,2.616868674E0
8.517584799E0,2.327739954E0,1.725915670E-1,-1.006817818E0,2.542015590E0
8.534585561E0,2.035130978E0,-5.424714088E-2,-5.900869370E-1,2.119647009E0
8.551588055E0,1.593694448E0,-3.354980946E-1,1.138534546E-1,1.632600250E0
8.568581341E0,1.224615097E0,-3.663218021E-1,4.640541077E-1,1.359860292E0
8.585565981E0,1.137807608E0,-3.530583382E-1,2.108306885E-1,1.209837147E0
8.602568800E0,1.005556822E0,-3.977698088E-1,-2.115602493E-1,1.101872534E0
8.619580173E0,9.882056713E-1,-5.934129953E-1,-3.789224625E-1,1.213372022E0
8.636556471E0,9.247403145E-1,-5.151081085E-1,-3.789024353E-1,1.124298923E0
8.653568333E0,7.968102694E-1,-3.129867315E-1,-2.694616318E-1,8.974836324E-1
8.670549433E0,8.884453773E-1,-4.330377579E-1,-2.547044754E-1,1.020652369E0
8.687538233E0,9.231050014E-1,-5.491602421E-1,-3.891086578E-2,1.074808760E0
8.704529261E0,8.160686493E-1,-4.890769720E-1,1.163053513E-1,9.584838338E-1
8.721528173E0,6.753770113E-1,-3.614419699E-1,3.010940552E-2,7.666035359E-1
8.738509070E0,5.367883444E-1,-9.526789188E-2,-2.382564545E-1,5.949654074E-1
8.755500158E0,6.512980461E-1,-1.013736725E-1,-6.820611954E-1,9.485110651E-1
8.772499529E0,6.669095755E-1,-2.273252010E-1,-7.251701355E-1,1.011096857E0
8.789514259E0,4.302599430E-1,-4.300147295E-1,-3.482074738E-1,7.009170642E-1
8.806507932E0,1.548255682E-1,-4.414961338E-1,1.704511642E-1,4.979391450E-1
8.823489592E0,-1.143039465E-1,-3.511826992E-1,3.761739731E-1,5.271636733E-1
8.840491555E0,-1.701385975E-1,-3.219028711E-1,2.757244110E-1,4.567193357E-1
8.857492166E0,-1.707875729E-1,-3.118772507E-1,1.520309448E-1,3.867159458E-1
8.874470103E0,-5.969669819E-1,-5.521868467E-1,2.060480118E-1,8.388895483E-1
8.891474232E0,-1.276066661E0,-7.237604260E-1,3.006477356E-1,1.497519395E0
8.908475607E0,-1.678814173E0,-7.263714075E-1,3.974094391E-1,1.871888541E0
8.925459107E0,-1.893331885E0,-6.777330041E-1,5.276899338E-1,2.079058517E0
8.942447836E0,-2.091767311E0,-8.864725828E-1,7.020339966E-1,2.377851101E0
8.959449017E0,-2.371257067E0,-9.176389575E-1,1.038840294E0,2.746654417E0
8.976429089E0,-2.358851194E0,-8.614239097E-1,1.328969002E0,2.841194945E0
8.993423323E0,-2.170006752E0,-7.479637265E-1,1.180892944E0,2.581256900E0
9.010420291E0,-2.219165802E0,-6.792117357E-1,9.029312134E-1,2.490243003E0
9.027414249E0,-2.248792648E0,-6.874940991E-1,7.828884125E-1,2.478433130E0
9.044407475E0,-2.140822887E0,-6.981219053E-1,7.943792343E-1,2.387788767E0
9.061398900E0,-2.086522341E0,-7.794571519E-1,8.277921677E-1,2.376208914E0
9.078397770E0,-2.229704380E0,-9.138707519E-1,9.533166885E-1,2.591438612E0
9.095389429E0,-2.531242609E0,-1.080955505E0,9.826869965E-1,2.922554992E0
9.112398799E0,-2.648620605E0,-1.089137316E0,1.007396698E0,3.035829263E0
9.129404720E0,-2.563329220E0,-1.083660603E0,7.831439972E-1,2.891070997E0
9.146380499E0,-2.454429626E0,-1.099772573E0,5.055427551E-1,2.736658177E0
9.163378700E0,-2.358773947E0,-1.156739473E0,4.404106140E-1,2.663798463E0
9.180357561E0,-2.341760159E0,-1.089293003E0,5.465736389E-1,2.639913375E0
9.197351641E0,-2.132430077E0,-1.054758549E0,6.074285507E-1,2.455349888E0
9.214335732E0,-2.064541340E0,-1.049690843E0,5.243492126E-1,2.374683959E0
9.231341419E0,-2.087261677E0,-1.022390127E0,3.174152374E-1,2.345782452E0
9.248330952E0,-2.229195833E0,-9.760113955E-1,2.388296127E-1,2.445189541E0
9.265330290E0,-2.240095615E0,-8.340032101E-1,1.234807968E-1,2.393498951E0
9.282333404E0,-2.158316374E0,-8.557366729E-1,2.068710327E-2,2.321861921E0
9.299328542E0,-2.216605663E0,-9.145327806E-1,2.388458252E-1,2.409721603E0
9.316321421E0,-2.193740606E0,-8.888164759E-1,4.603910446E-1,2.411317584E0
9.333314709E0,-1.870446920E0,-8.347804546E-1,3.483572006E-1,2.077686894E0
9.350306428E0,-1.630004048E0,-7.337666750E-1,4.553699493E-2,1.788127610E0
9.367306479E0,-1.310739636E0,-7.137459517E-1,-9.760475159E-2,1.495659843E0
9.384283165E0,-9.993878603E-1,-6.565804482E-1,1.285858154E-1,1.202667158E0
9.401289900E0,-7.264716625E-1,-6.523675919E-1,4.005537033E-1,1.055361464E0
9.418284741E0,-5.528962612E-1,-6.237863302E-1,6.058177948E-1,1.030445953E0
9.435246981E0,-4.086290598E-1,-4.311332703E-1,4.601440430E-1,7.513894766E-1
9.452268569E0,-2.251315117E-2,-4.224785566E-1,2.672309875E-1,5.004072077E-1
9.469268518E0,8.207333088E-2,-5.499602556E-1,4.309597015E-1,7.035044980E-1
9.486259373E0,-1.144257784E-1,-6.351016760E-1,7.545423508E-1,9.928653266E-1
9.503250168E0,-1.980569363E-1,-6.402931213E-1,8.322935104E-1,1.068603911E0
9.520233851E0,-9.341597557E-3,-6.032201052E-1,4.551486969E-1,7.557262051E-1
9.537227463E0,7.468783855E-2,-6.574076414E-1,2.459239960E-2,6.620935480E-1
9.554220741E0,2.601519823E-1,-7.413669229E-1,-3.456325531E-1,8.583506451E-1
9.571216346E0,5.184398890E-1,-7.141788006E-1,-2.433032990E-1,9.154385686E-1
9.588207771E0,6.850314140E-1,-6.318829060E-1,1.471595764E-1,9.435040996E-1
9.605206031E0,8.025742769E-1,-6.725631952E-1,3.606843948E-1,1.107501672E0
9.622209613E0,7.437059879E-1,-5.770499706E-1,2.432746887E-1,9.722488566E-1
9.639190865E0,8.771384954E-1,-4.601235390E-1,-1.595792770E-1,1.003270231E0
9.656193032E0,1.257629633E0,-4.005566835E-1,-4.642038345E-1,1.399129426E0
9.673178720E0,1.498577476E0,-3.892859221E-1,-3.474512100E-1,1.586820822E0
9.690171651E0,1.426767230E0,-3.548613787E-1,-1.346235275E-1,1.476385729E0
9.707165934E0,1.324042678E0,-3.497594595E-1,6.285381317E-2,1.370901635E0
9.724143229E0,1.284638882E0,-2.307322025E-1,1.676263809E-1,1.315915274E0
9.741152894E0,1.472496748E0,-1.364195347E-1,-2.873611450E-2,1.479081717E0
9.758150371E0,1.680760860E0,-1.464881897E-1,-2.632522583E-1,1.707547250E0
9.775141582E0,1.720775247E0,-1.521747112E-1,-5.281724930E-1,1.806430396E0
9.792144299E0,1.840331197E0,-3.594613075E-2,-7.895517349E-1,2.002873681E0
9.809131288E0,2.123990536E0,9.523785114E-2,-8.268909454E-1,2.281261642E0
9.826105267E0,2.345697403E0,3.481403589E-1,-8.917808533E-1,2.533529377E0
9.843129245E0,2.410399914E0,4.660643339E-1,-8.611783981E-1,2.601705583E0
9.860112094E0,2.365919113E0,3.787881136E-1,-7.554550171E-1,2.512322823E0
9.877123996E0,2.301160812E0,3.879892826E-1,-6.955928802E-1,2.435102918E0
9.894128697E0,2.522145510E0,4.243227243E-1,-7.726058960E-1,2.671738688E0
9.911104802E0,2.655789137E0,5.363464355E-1,-1.036550522E0,2.900917169E0
9.928097946E0,2.752544880E0,4.970223904E-1,-1.374122620E0,3.116367685E0
9.945095942E0,2.755172729E0,4.490588903E-1,-1.429344177E0,3.136184853E0
9.962088223E0,2.681250334E0,5.220572948E-1,-1.201330185E0,2.984098086E0
9.979076931E0,2.676207542E0,5.032113791E-1,-1.011226654E0,2.904804270E0
9.996060004E0,2.568232298E0,3.469843864E-1,-8.220558167E-1,2.718821632E0
1.001305045E1,2.472163200E0,2.312546968E-1,-8.008289337E-1,2.608907167E0
1.003004509E1,2.326759815E0,9.589147568E-2,-5.808992386E-1,2.400093819E0
1.004703603E1,2.117946625E0,-3.367710114E-2,-2.133388519E-1,2.128930604E0
1.006402478E1,2.108202934E0,-7.182598114E-3,-5.136871338E-2,2.108840901E0
1.008102897E1,2.221041679E0,3.279912472E-2,-2.683782578E-1,2.237438002E0
1.009801257E1,2.225535870E0,1.882934570E-1,-2.524461746E-1,2.247708478E0
1.011503208E1,2.032691717E0,1.292648315E-1,-2.500152588E-2,2.036951175E0
1.013202323E1,1.828737140E0,-2.665303946E-1,-1.050634384E-1,1.851041951E0
1.014900136E1,1.322913170E0,-3.320761919E-1,-2.586269379E-2,1.364200400E0
1.016599810E1,1.002948880E0,-1.773837805E-1,1.346035004E-1,1.027370218E0
1.018299202E1,9.890258312E-1,-2.331867218E-1,1.600379944E-1,1.028669190E0
1.019998271E1,8.507035971E-1,-5.208194256E-1,1.260776520E-1,1.005407907E0
1.021698583E1,3.238896132E-1,-8.160933852E-1,2.449645996E-1,9.115484353E-1
1.023395614E1,-1.839700937E-1,-8.189094663E-1,4.242591858E-1,9.404539149E-1
1.025097023E1,-1.887772083E-1,-9.922115803E-1,4.089326859E-1,1.089654347E0
1.026796421E1,-4.435586929E-1,-7.535585761E-1,4.204912186E-1,9.702616691E-1
1.028496300E1,-4.930642247E-1,-8.069856763E-1,3.660459518E-1,1.014065013E0
1.030196469E1,-4.087764621E-1,-1.050896406E0,3.354787827E-1,1.176446967E0
1.031896761E1,-4.303289056E-1,-1.325299859E0,4.374818802E-1,1.460477004E0
1.033595135E1,-6.902575493E-1,-1.199923515E0,4.986600876E-1,1.471371404E0
1.035294044E1,-9.519234896E-1,-9.151652455E-1,2.766284943E-1,1.349151244E0
1.036993706E1,-9.933464527E-1,-9.319701791E-1,8.512973785E-2,1.364753700E0
1.038693167E1,-1.073001266E0,-1.127094984E0,5.130958557E-2,1.557018784E0
1.040392378E1,-1.397595167E0,-1.032028437E0,3.564691544E-1,1.773534664E0
1.042090228E1,-1.462367415E0,-1.040327191E0,3.949279785E-1,1.837598223E0
1.043791551E1,-1.633790255E0,-1.114172697E0,3.606672287E-1,2.010157269E0
1.045488840E1,-1.973608255E0,-1.104219675E0,1.495065689E-1,2.266447187E0
1.047190430E1,-2.255730629E0,-9.477173090E-1,1.258039474E-1,2.449962327E0
1.048888795E1,-2.428958416E0,-8.563796878E-1,-7.030487061E-3,2.575514431E0
1.050589637E1,-2.469260931E0,-8.067763448E-1,2.692928314E-1,2.611638613E0
1.052286797E1,-2.359607697E0,-7.587000132E-1,6.142826080E-1,2.553569524E0
1.053986135E1,-2.173282623E0,-8.011140227E-1,6.257476807E-1,2.399270972E0
1.055684661E1,-2.308804989E0,-8.000583053E-1,5.956106186E-1,2.515039916E0
1.057384923E1,-2.555250645E0,-7.914565206E-1,6.610002518E-1,2.755472848E0
1.059084321E1,-2.835928917E0,-8.973420262E-1,8.471422195E-1,3.092792504E0
1.060785254E1,-3.361217260E0,-1.208803892E0,1.117543221E0,3.742711740E0
1.062484069E1,-3.656836987E0,-1.190494776E0,3.232355118E-1,3.859302496E0
1.064183483E1,-3.133975506E0,-1.003939033E0,-1.628866196E-1,3.294879073E0
1.065882096E1,-2.825884342E0,-8.591207862E-1,-8.885383606E-3,2.953606235E0
1.067581190E1,-2.533405542E0,-8.997833133E-1,7.536163330E-1,2.792076509E0
1.069280576E1,-2.221177101E0,-9.442366362E-1,9.171981812E-1,2.581949466E0
1.070979983E1,-1.942379236E0,-9.712461233E-1,6.603975296E-1,2.269863658E0
1.072679342E1,-2.034438133E0,-9.439349771E-1,3.943128586E-1,2.277154889E0
1.074377803E1,-2.225340366E0,-9.447537065E-1,1.913232803E-1,2.425139977E0
1.076079678E1,-2.231164694E0,-8.990649581E-1,1.976013184E-2,2.405577717E0
1.077778871E1,-2.055734634E0,-9.554756284E-1,-1.333112717E-1,2.270847960E0
1.079478214E1,-2.033330441E0,-9.039845467E-1,-1.015558243E-1,2.227539972E0
1.081177533E1,-1.767766953E0,-8.359138966E-1,2.423286438E-3,1.955443150E0
1.082877019E1,-1.290696621E0,-7.110595107E-1,2.129907608E-1,1.488915195E0
1.084575059E1,-9.143360853E-1,-6.048066616E-1,4.553194046E-1,1.187062482E0
1.086276193E1,-7.587727308E-1,-5.817487240E-1,6.677608490E-1,1.166221328E0
1.087971955E1,-5.045799613E-1,-5.300261974E-1,5.445318222E-1,9.121642466E-1
1.089675156E1,-3.132858872E-1,-4.553197622E-1,2.879190445E-1,6.231865766E-1
1.091373868E1,-1.057299376E-1,-3.154594898E-1,1.697578430E-1,3.735120275E-1
1.093071922E1,1.016887426E-1,-2.831566334E-1,1.827011108E-1,3.519914421E-1
1.094772125E1,2.093517780E-1,-3.083097935E-1,4.069337845E-1,5.517954337E-1
1.096471187E1,1.850140095E-1,-4.596388340E-1,7.158184052E-1,8.705710945E-1
1.098171379E1,-9.106504917E-2,-4.574772120E-1,8.498249054E-1,9.694228244E-1
1.099870742E1,-1.947330832E-1,-3.856266737E-1,5.513286591E-1,7.004228690E-1
1.101567440E1,1.582363844E-1,-1.728795767E-1,-1.943235397E-1,3.044466119E-1
1.103268180E1,6.426805258E-1,-2.142360210E-1,-7.663192749E-1,1.022829684E0
1.104967573E1,5.363326073E-1,-2.748364210E-1,-6.980495453E-1,9.222043654E-1
1.106667406E1,4.232288599E-1,-3.123807907E-1,-3.588981628E-1,6.367984905E-1
1.108365946E1,5.691740513E-1,-2.628242970E-1,-1.491336823E-1,6.444195581E-1
1.110066026E1,8.456455469E-1,-3.041406870E-1,-2.036561966E-1,9.214628560E-1
1.111766744E1,8.695038557E-1,-2.797576189E-1,-4.792060852E-1,1.031474553E0
1.113465475E1,1.064185143E0,-3.598369360E-1,-5.202646255E-1,1.238001583E0
1.115163816E1,1.355414867E0,-1.807641983E-1,-3.419694901E-1,1.409527683E0
1.116863221E1,1.884395719E0,-1.362169981E-1,1.091852188E-1,1.892464982E0
1.118561584E1,2.101645708E0,-1.351052523E-1,5.461692810E-1,2.175653694E0
1.120261737E1,2.224574089E0,-7.098150253E-2,7.253522873E-1,2.340919518E0
1.121961620E1,2.486344576E0,5.113697052E-2,9.224853516E-1,2.652452368E0
1.123661092E1,2.840850353E0,-2.584207058E-2,9.232044220E-1,2.987206881E0
1.125361154E1,2.984152555E0,9.023785591E-3,7.243585587E-1,3.070821262E0
1.127061172E1,3.002769947E0,9.231567383E-2,1.862525940E-1,3.009956738E0
1.128759905E1,3.153529406E0,9.851384163E-2,-1.789312363E-1,3.160137509E0
1.130459299E1,3.106391430E0,9.822666645E-2,-2.893753052E-1,3.121386593E0
1.132158948E1,2.936928034E0,1.716126204E-1,-1.998834610E-1,2.948720157E0
1.133858422E1,2.854245186E0,9.952497482E-2,-2.606477737E-1,2.867849031E0
1.135554937E1,2.881543159E0,-3.311705589E-2,-6.378259659E-1,2.951475848E0
1.137255782E1,2.670416117E0,1.294285059E-1,-1.095762253E0,2.889389017E0
1.138954972E1,2.591086388E0,3.697026968E-1,-1.495668411E0,3.014536905E0
1.140654584E1,2.773502111E0,4.435431957E-1,-1.791310787E0,3.331341902E0
1.142353916E1,2.640455008E0,3.641353846E-1,-1.584954262E0,3.101076787E0
1.144053308E1,2.255819321E0,2.190723419E-1,-8.913173676E-1,2.435397329E0
1.145754341E1,1.899394512E0,-5.700039864E-2,-3.063583374E-1,1.924786739E0
1.147454190E1,1.624885559E0,-1.539474726E-1,-1.037874222E-1,1.635458570E0
1.149152402E1,1.379035592E0,-4.442989826E-2,-1.883563995E-1,1.392548496E0
1.150851487E1,1.428727627E0,5.572104454E-2,-3.837947845E-1,1.480427608E0
1.152548946E1,1.316235781E0,-1.409721375E-1,-7.366819382E-1,1.514942260E0
1.154249875E1,9.023091793E-1,-3.517472744E-1,-5.194139481E-1,1.098944425E0
1.155948394E1,5.240569711E-1,-4.093235731E-1,1.981849670E-1,6.938723064E-1
1.157648375E1,3.749411702E-1,-1.714468002E-1,4.722747803E-1,6.269117598E-1
1.159347740E1,6.437454224E-1,-3.041415215E-1,2.407598495E-1,7.515820242E-1
1.161049694E1,7.801414728E-1,-6.103217602E-1,2.890176773E-1,1.031816159E0
1.162747463E1,4.466794133E-1,-8.580682874E-1,7.348384857E-1,1.214821503E0
1.164445897E1,-3.582382202E-2,-5.727369189E-1,5.057964325E-1,7.649450671E-1
1.166145005E1,7.292032242E-4,-5.165016651E-1,-2.372207642E-1,5.683732865E-1
1.167844932E1,-4.977262020E-2,-4.872553349E-1,-5.021657944E-1,7.014738485E-1
1.169542730E1,-1.286666989E-1,-6.894736290E-1,-1.134452820E-1,7.104919679E-1
1.171243663E1,-3.587162495E-1,-5.820539594E-1,6.179132462E-1,9.215643977E-1
1.172943662E1,-4.249616265E-1,-5.194345713E-1,7.668247223E-1,1.019031311E0
1.174642213E1,-5.422903895E-1,-5.675213337E-1,3.584432602E-1,8.629257799E-1
1.176341524E1,-1.009857178E0,-6.379848123E-1,1.713180542E-1,1.206725327E0
1.178039936E1,-1.347628355E0,-6.569749713E-1,2.140598297E-1,1.514443762E0
1.179741106E1,-1.502585411E0,-5.700863600E-1,2.580556870E-1,1.627683665E0
1.181439968E1,-1.545702100E0,-6.894984841E-1,4.962635040E-2,1.693241246E0
1.183139972E1,-1.813433647E0,-7.259420753E-1,-5.635929108E-2,1.954151954E0
1.184840181E1,-2.132148743E0,-6.544426680E-1,-6.233787537E-2,2.231196871E0
1.186538678E1,-2.374847174E0,-6.818344593E-1,-1.456451416E-1,2.475077743E0
1.194609086E1,-2.074366093E0,-1.756041050E-1,1.840572357E-1,2.089906351E0
1.196308237E1,-1.682929993E0,-1.677055359E-1,3.293972015E-1,1.723044115E0
1.198007351E1,-1.469421625E0,-2.278329134E-1,4.239397049E-1,1.546231749E0
1.199707786E1,-1.541933537E0,-2.376303673E-1,4.918508530E-1,1.635831435E0
1.201405376E1,-1.668164015E0,-3.479908705E-1,5.071172714E-1,1.777930469E0
1.203104998E1,-1.820309281E0,-4.478828907E-1,4.552869797E-1,1.929095953E0
1.204804357E1,-2.086771011E0,-6.423402429E-1,5.247488022E-1,2.245567979E0
1.206503638E1,-2.365765572E0,-8.094033003E-1,7.754240036E-1,2.617873723E0
1.208203137E1,-2.451571703E0,-9.234794974E-1,8.145256042E-1,2.743441298E0
1.209919838E1,-2.450267553E0,-9.482212663E-1,7.060251236E-1,2.720552541E0
1.211654202E1,-2.485452652E0,-9.567362070E-1,6.592798233E-1,2.743623323E0
1.213386259E1,-2.427923918E0,-9.996466637E-1,7.999887466E-1,2.744829685E0
1.215119614E1,-2.361710548E0,-1.000980020E0,8.946371078E-1,2.716617984E0
1.216852818E1,-2.296510220E0,-8.637437820E-1,8.432197571E-1,2.594423263E0
1.218586130E1,-2.080504179E0,-8.272200823E-1,6.506223679E-1,2.331544589E0
1.220319467E1,-1.893330216E0,-7.456396222E-1,5.400056839E-1,2.105299003E0
1.222053093E1,-1.711061954E0,-6.203806996E-1,5.069084167E-1,1.889328285E0
1.223785860E1,-1.529771447E0,-5.218633413E-1,2.687854767E-1,1.638532166E0
1.225519499E1,-1.274552822E0,-4.238679409E-1,2.581596375E-3,1.343188591E0
1.227253197E1,-1.033801317E0,-3.888176680E-1,-6.078529358E-2,1.106173221E0
1.228986554E1,-9.672561884E-1,-4.374544621E-1,1.172323227E-1,1.068032939E0
1.230719927E1,-7.959316969E-1,-5.511015654E-1,1.720695496E-1,9.832741893E-1
1.232421122E1,-8.385021687E-1,-5.256001949E-1,1.118288040E-1,9.959152239E-1
1.234122191E1,-7.584750652E-1,-4.926838875E-1,-5.240535736E-2,9.059625594E-1
1.235821325E1,-4.900659025E-1,-5.029141903E-1,-1.257867813E-1,7.133789918E-1
1.237520429E1,-1.962848902E-1,-5.375382900E-1,3.761291504E-3,5.722668247E-1
1.239219424E1,-3.416702151E-2,-6.407167912E-1,3.953733444E-1,7.536613784E-1
1.240918046E1,-2.083808184E-3,-7.174935937E-1,6.218996048E-1,9.495054069E-1
1.242617269E1,9.773075581E-2,-5.858724117E-1,3.030157089E-1,6.667955484E-1
1.244317765E1,5.350409746E-1,-5.914493799E-1,-1.043777466E-1,8.043481383E-1
1.246016740E1,7.188242674E-1,-7.342829108E-1,-8.777999878E-2,1.031302598E0
1.247715604E1,5.138956904E-1,-7.296192646E-1,-3.373146057E-3,8.924373536E-1
1.249416467E1,4.520054460E-1,-5.342110395E-1,-7.354736328E-2,7.036331236E-1
1.251115500E1,7.215454578E-1,-5.189015865E-1,-1.784467697E-1,9.064932178E-1
1.252815048E1,1.069293737E0,-4.352144003E-1,-3.103494644E-1,1.195457009E0
1.254514450E1,1.224268913E0,-4.813573360E-1,-4.414796829E-1,1.387603534E0
1.256215472E1,1.215935349E0,-3.756644726E-1,-4.803075790E-1,1.360263923E0
1.257912702E1,1.375433207E0,-1.864323616E-1,-2.406778336E-1,1.408722595E0
1.259612542E1,1.808426499E0,-1.184508801E-1,3.501605988E-2,1.812639826E0
1.261310258E1,2.038637400E0,-8.381617069E-2,8.945465088E-2,2.042319694E0
1.263010001E1,1.983629942E0,-3.196990490E-2,-9.266376495E-2,1.986050451E0
1.264709342E1,2.101526737E0,4.915893078E-2,-2.864036560E-1,2.121522633E0
1.266407728E1,2.384083748E0,1.718406677E-1,-4.258575439E-1,2.427908396E0
1.268108111E1,2.743761539E0,1.965559721E-1,-4.853925705E-1,2.793289742E0
1.269807568E1,2.906964302E0,2.094658613E-1,-3.272199631E-1,2.932812695E0
1.271508479E1,3.113888979E0,3.558827639E-1,-3.016471863E-1,3.148642269E0
1.273207594E1,3.447069645E0,4.255920649E-1,-2.946739197E-1,3.485720939E0
1.274907020E1,3.696457624E0,3.425375223E-1,-1.208190918E-1,3.714260112E0
1.276606364E1,3.669426441E0,2.609710693E-1,-3.370666504E-2,3.678849337E0
1.278305414E1,3.545787573E0,3.196015358E-1,-2.027606964E-1,3.565931373E0
1.280005583E1,3.574517250E0,3.739086390E-1,-6.604776382E-1,3.654204695E0
1.281703373E1,3.448549986E0,3.876893520E-1,-9.166269302E-1,3.589290315E0
1.283403930E1,3.164926529E0,3.400199413E-1,-8.175630569E-1,3.286454449E0
1.285101913E1,2.804138184E0,2.959582806E-1,-6.563005447E-1,2.895084224E0
1.286801323E1,2.575116634E0,2.313247919E-1,-6.693143845E-1,2.670714995E0
1.288501863E1,2.292204142E0,1.607941389E-1,-7.598695755E-1,2.420218245E0
1.290201140E1,2.005692482E0,-2.969598770E-2,-6.709947586E-1,2.115163859E0
1.291899445E1,1.584706783E0,-5.489814281E-2,-3.543386459E-1,1.624766220E0
1.293599882E1,1.293797255E0,-1.581197977E-1,-2.122507095E-1,1.320592129E0
1.295299855E1,1.051363826E0,-3.714213371E-1,-2.463960648E-1,1.141941647E0
1.296998977E1,5.421377420E-1,-3.999651670E-1,-2.783212662E-1,7.289363439E-1
1.298698328E1,1.714100242E-1,-2.815252542E-1,-1.508045197E-1,3.624636096E-1
1.300397694E1,2.598295808E-1,-5.049510002E-1,-1.129131317E-1,5.789959404E-1
1.302097512E1,2.485857606E-1,-7.852128744E-1,1.977376938E-1,8.470267611E-1
1.303796629E1,-2.325867712E-1,-8.771613240E-1,6.813983917E-1,1.134818207E0
1.305495505E1,-7.756308913E-1,-6.641919613E-1,6.959371567E-1,1.235751904E0
1.307195262E1,-7.648735046E-1,-4.918019772E-1,2.306423187E-1,9.381346076E-1
1.308894608E1,-5.264037848E-1,-6.427942514E-1,-1.580715179E-2,8.309845127E-1
1.310595803E1,-5.827234387E-1,-8.223633170E-1,1.898155212E-1,1.025611020E0
1.312291636E1,-8.164023757E-1,-7.613198757E-1,5.375280380E-1,1.238974247E0
1.313991895E1,-8.085473776E-1,-5.925142765E-1,4.741153717E-1,1.108876646E0
1.315690811E1,-7.858849168E-1,-5.761028528E-1,2.475032806E-1,1.005369322E0
1.317390217E1,-8.005375862E-1,-7.046321630E-1,2.065544128E-1,1.086292611E0
1.319089528E1,-9.691489935E-1,-7.884647250E-1,3.654031754E-1,1.301708829E0
1.320789559E1,-1.146383762E0,-4.702392817E-1,5.036706924E-1,1.337536870E0
1.322489402E1,-1.040545225E0,-4.041707516E-1,2.151727676E-1,1.136832302E0
1.324188529E1,-1.092672586E0,-4.547727108E-1,-4.416751862E-2,1.184357366E0
1.325888908E1,-1.419932961E0,-5.480954647E-1,1.221265793E-1,1.526935871E0
1.327584992E1,-1.557107449E0,-4.961787462E-1,4.263353348E-1,1.688946054E0
1.329286900E1,-1.435661554E0,-3.359681368E-1,4.307870865E-1,1.536091209E0
1.330986871E1,-1.349821448E0,-2.272707224E-1,9.174346924E-3,1.368851377E0
1.332684605E1,-1.548262119E0,-2.759406567E-1,-2.100877762E-1,1.586630300E0
1.334385158E1,-2.016878843E0,-3.362910748E-1,2.287778854E-1,2.057481780E0
1.336084894E1,-2.287789583E0,-3.379998207E-1,7.717905045E-1,2.438008539E0
1.337784138E1,-2.181926250E0,-2.897847891E-1,7.810726166E-1,2.335562420E0
1.339483227E1,-1.987154841E0,-3.063647747E-1,7.101211548E-1,2.132349829E0
1.341180743E1,-2.027133465E0,-3.085758686E-1,8.289432526E-1,2.211704335E0
1.342883185E1,-1.943210125E0,-4.265191555E-1,7.155294418E-1,2.114229543E0
1.344581166E1,-2.064795494E0,-5.742599964E-1,6.044130325E-1,2.226762244E0
1.346280129E1,-2.431877136E0,-7.401297092E-1,6.346158981E-1,2.620029719E0
1.347980427E1,-2.781027794E0,-8.632475734E-1,5.808744431E-1,2.969297405E0
1.349678534E1,-2.949924707E0,-9.113849998E-1,3.722286224E-1,3.109860535E0
1.351377911E1,-3.038826942E0,-1.039214849E0,2.164087296E-1,3.218892578E0
1.353078204E1,-3.179157257E0,-1.110058546E0,1.365690231E-1,3.370151620E0
1.354778228E1,-3.171501160E0,-1.049469709E0,-3.051757812E-3,3.340631017E0
1.356477324E1,-2.950301409E0,-1.037358761E0,-1.319112778E-1,3.130142519E0
1.358176758E1,-2.691272259E0,-9.534794688E-1,-2.223453522E-1,2.863827321E0
1.359874373E1,-2.476157904E0,-8.408718109E-1,-1.761322021E-1,2.620962785E0
1.361574094E1,-2.257128477E0,-7.123317719E-1,-1.151809692E-1,2.369664991E0
1.363273508E1,-1.852683783E0,-5.849177837E-1,-1.628818512E-1,1.949640097E0
1.364972919E1,-1.499595642E0,-5.397068262E-1,-1.310100555E-1,1.599135449E0
1.366672235E1,-1.367702007E0,-5.334489346E-1,1.258182526E-2,1.468105871E0
1.368371644E1,-1.356244206E0,-3.607227802E-1,8.107757568E-2,1.405735695E0
1.370072690E1,-1.061667562E0,-2.011264563E-1,-7.714557648E-2,1.083301114E0
1.371770368E1,-5.567101240E-1,-1.970598698E-1,-1.868076324E-1,6.193995851E-1
1.373469933E1,-4.177511036E-1,-3.052951097E-1,-5.389213562E-2,5.202167346E-1
1.375169622E1,-3.642682135E-1,-4.445036650E-1,9.275341034E-2,5.821323172E-1
1.376869606E1,-3.234076500E-1,-4.455475807E-1,1.260251999E-1,5.647897890E-1
1.378569298E1,-2.212112546E-1,-4.891899824E-1,2.031812668E-1,5.740417104E-1
1.380268672E1,-1.558382213E-1,-5.593197346E-1,3.376674652E-1,6.716721178E-1
1.381968011E1,-8.334398270E-2,-6.173282862E-1,2.381486893E-1,6.668997155E-1
1.383667440E1,-4.940187931E-2,-5.928326845E-1,1.754026413E-1,6.202074041E-1
1.385367099E1,1.585367322E-1,-7.850178480E-1,3.521213531E-1,8.748579110E-1
1.387064680E1,3.276471496E-1,-8.924683332E-1,4.090347290E-1,1.034969463E0
1.388765296E1,6.019099355E-1,-7.275754213E-1,3.682489395E-1,1.013542720E0
1.390465248E1,1.065829039E0,-5.650271177E-1,4.395380020E-1,1.283916212E0
1.392161219E1,1.457179546E0,-5.281006098E-1,5.670394897E-1,1.650392762E0
1.393864047E1,1.459604263E0,-5.436089039E-1,4.950475693E-1,1.634327795E0
1.395562726E1,1.220869184E0,-5.592859983E-1,4.417352676E-1,1.413666311E0
1.397262503E1,1.245858312E0,-4.070885181E-1,2.840280533E-1,1.341102505E0
1.398961848E1,1.721622229E0,-2.787799835E-1,-5.064010620E-4,1.744047486E0
1.400659881E1,2.060587645E0,-1.874635220E-1,-2.864713669E-1,2.088834569E0
1.402360582E1,2.109399319E0,-9.203815460E-2,-4.635400772E-1,2.161690522E0
1.404059972E1,2.141526222E0,-7.471656799E-2,-4.248456955E-1,2.184539080E0
1.405759350E1,2.185241699E0,-3.817534447E-2,-1.762294769E-1,2.192668573E0
1.407457460E1,2.354914665E0,4.253017902E-2,-6.410121918E-2,2.356170805E0
1.409157808E1,2.589910030E0,1.640967131E-1,-7.838630676E-2,2.596286985E0
1.410856196E1,2.621808052E0,1.084512472E-1,-1.552391052E-1,2.628638110E0
1.412555602E1,2.468622208E0,7.344043255E-2,-4.382438660E-1,2.508295594E0
1.414254939E1,2.523351431E0,1.795425415E-1,-6.290225983E-1,2.606761860E0
1.415954339E1,2.838119745E0,2.508102655E-1,-7.242641449E-1,2.939793875E0
1.417653731E1,3.192707539E0,3.597260714E-1,-7.883443832E-1,3.308212681E0
1.419354704E1,3.261572361E0,3.885413408E-1,-7.624835968E-1,3.371972698E0
1.421052676E1,3.011361122E0,4.025230408E-1,-4.566822052E-1,3.072275906E0
1.422753208E1,2.806482315E0,3.229547739E-1,-4.238624573E-1,2.856624258E0
1.424452580E1,2.727882385E0,5.037994385E-1,-6.826534271E-1,2.856776485E0
1.426151966E1,2.904356003E0,5.759140253E-1,-1.078551292E0,3.151227324E0
1.427851336E1,2.927225113E0,5.310168266E-1,-1.233333588E0,3.220518199E0
1.429550698E1,2.888310671E0,2.967787981E-1,-8.864669800E-1,3.035826064E0
1.431248797E1,2.806290150E0,5.848526955E-3,-2.960634232E-1,2.821870330E0
1.432949521E1,2.545913935E0,-9.443593025E-2,1.969242096E-2,2.547740901E0
1.434648883E1,2.415817738E0,4.456162453E-2,-9.889030457E-2,2.418251511E0
1.436346934E1,2.463862181E0,-6.121301651E-2,-5.510187149E-1,2.525467383E0
1.438047680E1,2.229678869E0,-3.778344393E-1,-6.844615936E-1,2.362776840E0
1.439748304E1,1.689819932E0,-5.991224051E-1,-4.439611435E-1,1.847035613E0
1.441446386E1,1.183624983E0,-6.778357029E-1,-1.579875946E-1,1.373094833E0
1.443145816E1,7.597085834E-1,-4.420315027E-1,-2.019987106E-1,9.018605547E-1
1.444843905E1,6.634491086E-1,-3.706724644E-1,-6.511554718E-1,1.000782816E0
1.446544580E1,4.347392917E-1,-8.069698811E-1,-7.978315353E-1,1.215209364E0
1.448243910E1,-9.005314112E-2,-1.238560915E0,-4.123106003E-1,1.308488723E0
1.449941999E1,-7.621170878E-1,-1.222456098E0,3.379592896E-1,1.479674913E0
1.451642682E1,-1.139941216E0,-1.222527266E0,6.849517822E-1,1.806432350E0
1.453339170E1,-1.559246659E0,-1.276630998E0,5.618133545E-1,2.092049496E0
1.455041400E1,-2.149340153E0,-1.467298150E0,3.798475266E-1,2.630002110E0
1.456741149E1,-2.835592031E0,-1.549414515E0,4.498939514E-1,3.262464111E0
1.458439970E1,-3.208487511E0,-1.611185551E0,4.801273346E-1,3.622269074E0
1.460138291E1,-3.406080723E0,-1.606046438E0,5.379772186E-1,3.803970365E0
1.461837630E1,-3.541419029E0,-1.566179752E0,7.815799713E-1,3.950371503E0
1.463537046E1,-3.635941029E0,-1.372269154E0,1.005822182E0,4.014332828E0
1.465236446E1,-3.596024990E0,-1.250572681E0,1.170181274E0,3.983045565E0
1.466935832E1,-3.380208015E0,-1.132923841E0,1.042201996E0,3.714230426E0
1.468636782E1,-3.084774494E0,-9.370522499E-1,8.342275620E-1,3.330140571E0
1.470335717E1,-2.805582762E0,-6.740934849E-1,6.744232178E-1,2.963198160E0
1.472035015E1,-2.451542616E0,-3.421808481E-1,5.619125366E-1,2.538285766E0
1.473733707E1,-2.011765718E0,-1.353935003E-1,3.858013153E-1,2.052894386E0
1.475434038E1,-1.653285027E0,1.134015322E-1,3.504323959E-1,1.693816445E0
1.477133432E1,-1.281618357E0,2.669348717E-1,4.348115921E-1,1.379442264E0
1.478831491E1,-9.805400968E-1,4.588779211E-1,5.679693222E-1,1.222545287E0
1.480531934E1,-6.835699081E-1,6.673258543E-1,5.974864960E-1,1.126757173E0
1.482231851E1,-5.207686424E-1,8.406708241E-1,4.393901825E-1,1.082123443E0
1.483930975E1,-4.128128290E-1,9.034309387E-1,3.083267212E-1,1.040032336E0
1.485630384E1,-2.188882828E-1,9.899996519E-1,2.885818481E-1,1.054177819E0
1.487328284E1,-1.220678091E-1,1.111384988E0,2.586364746E-1,1.147593119E0
1.489027832E1,-1.064036489E-1,1.103298426E0,9.860515594E-2,1.112794738E0
1.490728780E1,-2.212200165E-1,1.128247261E0,-9.724426270E-2,1.153835614E0
1.492426846E1,-2.989241183E-1,1.173297763E0,-1.109514236E-1,1.215850931E0
1.494127228E1,-2.456611395E-1,1.202704310E0,-1.415920258E-2,1.227618645E0
1.495826614E1,-1.214625239E-1,1.150336623E0,8.401775360E-2,1.159778632E0
1.497526183E1,-1.939838827E-1,1.163595200E0,3.627481461E-1,1.234167636E0
1.499225130E1,-2.808482051E-1,1.204231381E0,5.006046295E-1,1.334036705E0
1.500923854E1,-3.274291158E-1,1.212021947E0,3.544931412E-1,1.304558321E0
1.502624121E1,-5.282629132E-1,1.300543547E0,1.012382507E-1,1.407382111E0
1.504323259E1,-4.937326908E-1,1.346277714E0,-2.763795853E-1,1.460349728E0
1.506023259E1,-3.445710838E-1,1.368764639E0,-4.655628204E-1,1.486268686E0
1.507722045E1,-1.677968502E-1,1.189502954E0,-3.095636368E-1,1.240525174E0
1.509420340E1,-1.149578989E-1,1.127047420E0,3.716754913E-2,1.133504579E0
1.511119772E1,-5.497121811E-2,1.101990581E0,1.200065613E-1,1.109867852E0
1.512819136E1,-5.552256107E-2,1.098564982E0,-1.408691406E-1,1.108950806E0
1.514518552E1,1.802406311E-1,9.369918108E-1,-3.428268433E-1,1.013888842E0
1.516217816E1,4.159437418E-1,8.240898848E-1,-4.566211700E-1,1.029871947E0
1.517917698E1,5.524091721E-1,6.959083080E-1,-3.626413345E-1,9.596629638E-1
1.519615189E1,4.046345055E-1,7.345936298E-1,1.197910309E-2,8.387492968E-1
1.521317345E1,3.189037740E-1,6.424340010E-1,9.979915619E-2,7.241415154E-1
1.523017040E1,1.735224128E-1,4.052015543E-1,-5.610733032E-1,7.135135450E-1
1.524716156E1,2.509989738E-1,3.611749411E-1,-1.183134079E0,1.262241685E0
1.526415254E1,3.045268655E-1,2.962344885E-1,-1.292646408E0,1.360671239E0
1.528114416E1,5.453461409E-1,2.331010699E-1,-7.662611008E-1,9.689657356E-1
1.529814238E1,4.892031550E-1,3.340452909E-2,-4.237976074E-1,6.481049310E-1
1.531513671E1,4.993006587E-1,-3.298918009E-1,-6.869478226E-1,9.110582084E-1
1.533213078E1,8.098277450E-1,-6.797794104E-1,-6.600131989E-1,1.246410224E0
1.534912233E1,7.967500091E-1,-1.106754303E0,-5.221223831E-1,1.460249104E0
1.536612053E1,9.344040155E-1,-1.591663003E0,-5.405750275E-1,1.923206525E0
1.538309883E1,9.414218664E-1,-1.947104096E0,-5.846881866E-1,2.240390539E0
1.540010303E1,6.490480304E-1,-2.357155561E0,-4.262161255E-1,2.481754595E0
1.541707330E1,1.594568491E-1,-2.458235264E0,-7.625484467E-2,2.464581486E0
1.543408020E1,8.996951580E-2,-2.650866032E0,3.654260635E-1,2.677446814E0
1.545108759E1,1.954652667E-1,-2.744837284E0,7.664089203E-1,2.856522540E0
1.546808100E1,2.752811909E-1,-2.735810041E0,1.118943214E0,2.968580508E0
1.548508061E1,3.725992441E-1,-2.737051010E0,1.252074242E0,3.032815249E0
1.550206921E1,5.945689678E-1,-2.664453030E0,9.634265900E-1,2.894997927E0
1.551906232E1,8.436821103E-1,-2.630027771E0,5.521202087E-1,2.816679304E0
1.553605684E1,8.979771733E-1,-2.564187050E0,4.015073776E-1,2.746384242E0
1.555305056E1,8.269266486E-1,-2.339900017E0,2.030754089E-1,2.490015942E0
1.557004094E1,6.494399905E-1,-2.255038261E0,1.225500107E-1,2.349891139E0
1.558702471E1,3.752546310E-1,-2.239733696E0,-3.630352020E-2,2.271242174E0
1.560401804E1,2.552288771E-1,-2.080460548E0,-1.214914322E-1,2.099575681E0
1.562101310E1,2.870860696E-1,-1.897478819E0,1.138982773E-1,1.922450805E0
1.563800654E1,2.726586461E-1,-2.010139704E0,4.051609039E-1,2.068612995E0
1.565500006E1,2.830399275E-1,-2.199200153E0,5.111503601E-1,2.275492827E0
1.567199724E1,9.271097183E-2,-2.128384113E0,6.561355591E-1,2.229154129E0
1.568900147E1,-2.111995816E-1,-1.970427752E0,6.832571030E-1,2.096194422E0
1.570599132E1,-2.764819562E-1,-1.933907747E0,4.032039642E-1,1.994746822E0
1.572299188E1,-1.457263231E-1,-1.511636972E0,6.181716919E-3,1.518657536E0
1.573998290E1,2.408140302E-1,-1.194445014E0,-5.118274689E-2,1.219553181E0
1.575697653E1,7.459686399E-1,-1.129461169E0,2.573261261E-1,1.377812933E0
1.577398429E1,8.463796973E-1,-9.878473878E-1,7.370939255E-1,1.495161700E0
1.579096747E1,7.915502787E-1,-1.171090961E0,1.173854828E0,1.837373407E0
1.580795428E1,7.740824223E-1,-1.341908455E0,9.639806747E-1,1.824604242E0
1.582493875E1,9.718795419E-1,-1.124517441E0,3.200407028E-1,1.520366854E0
1.584193143E1,5.236342549E-1,-5.815488696E-1,-1.681947708E-1,8.004257627E-1
1.585894008E1,-2.298419476E-1,-2.030624151E-1,-2.740039825E-1,4.112661520E-1
1.587592272E1,-3.257850707E-1,-5.118561983E-1,-1.045711517E0,1.208985218E0
1.589292027E1,-8.725599051E-1,-4.489304423E-1,-1.286055565E0,1.617664442E0
1.590992806E1,-8.800788522E-1,-4.211372733E-1,-7.373914719E-1,1.222964256E0
1.592691444E1,-8.173859119E-1,-9.159910679E-2,-5.156154633E-1,9.707571433E-1
1.594390889E1,-4.343914986E-1,-1.164910793E-1,-7.398204803E-1,8.657947151E-1
1.596090207E1,-1.500967443E-1,-1.524829865E-1,-1.214939117E0,1.233635746E0
1.597789602E1,9.486186504E-2,-6.197786331E-2,-1.381686211E0,1.386324931E0
1.599488594E1,-1.303849518E-1,2.643396854E-1,-9.192819595E-1,9.653781778E-1
1.601188101E1,-6.067927480E-1,5.870726109E-1,-1.802425385E-1,8.633302161E-1
1.602886505E1,-8.503278494E-1,8.343914747E-1,-5.285358429E-2,1.192501608E0
1.604586760E1,-8.776381612E-1,9.207282066E-1,-8.117160797E-1,1.508930802E0
1.606285222E1,-5.913517475E-1,1.236659527E0,-1.412541389E0,1.968323361E0
1.607984577E1,-3.700126410E-1,1.908838153E0,-1.262281418E0,2.318173166E0
1.609683835E1,-3.486940265E-1,2.534470558E0,-2.897720337E-1,2.574703161E0
1.611383484E1,-4.652235508E-1,2.838559628E0,8.060932159E-1,2.987246221E0
1.619881600E1,-3.071650267E-1,3.681098700E0,1.223773956E-1,3.695918589E0
1.621580618E1,-3.126258552E-1,3.936997414E0,8.077449799E-1,4.031145682E0
1.623280791E1,-1.600703597E-1,3.938712597E0,1.024159431E0,4.072834637E0
1.624979684E1,4.644729495E-1,3.610672712E0,3.081207275E-1,3.653440972E0
1.626678985E1,1.171402693E0,3.074971437E0,-7.738142014E-1,3.380299103E0
1.628378673E1,1.452616453E0,2.373877525E0,-1.461962700E0,3.143680009E0
1.630077868E1,1.027223587E0,1.919302225E0,-9.546089172E-1,2.377012308E0
1.631777262E1,3.750414252E-1,1.585852861E0,7.682704926E-2,1.631406683E0
1.633475354E1,-5.010730028E-2,1.371706009E0,7.137813568E-1,1.547117301E0
1.635176264E1,-1.235613823E-1,1.276970148E0,1.180278778E0,1.743266522E0
1.636875205E1,4.211229086E-2,1.170462012E0,1.159869194E0,1.648348056E0
1.638574815E1,-3.624737263E-3,1.043340325E0,4.224529266E-1,1.125628113E0
1.640272612E1,1.019707918E-1,6.919440031E-1,-1.751089096E-1,7.210046297E-1
1.641973865E1,-2.065658271E-1,7.534837723E-1,-1.802482605E-1,8.018083758E-1
1.643673170E1,-2.022127807E-1,8.386824131E-1,-1.316070557E-3,8.627165993E-1
1.645371975E1,-9.708830714E-2,7.955439091E-1,2.064685822E-1,8.276143583E-1
1.647071982E1,-7.230550051E-3,4.414554834E-1,1.118059158E-1,4.554511912E-1
1.648771180E1,-1.903694123E-1,2.790288925E-1,-1.203212738E-1,3.585733467E-1
1.650470508E1,-3.850947022E-1,3.192262650E-1,3.019981384E-1,5.842997634E-1
1.652168556E1,-2.032878399E-1,5.332353115E-1,6.120805740E-1,8.368443537E-1
1.653868500E1,-6.254613400E-3,6.456271410E-1,4.431734085E-1,7.831195282E-1
1.655567785E1,-9.801124036E-2,3.895692825E-1,-5.387010574E-1,6.719890315E-1
1.657266465E1,-6.449139118E-1,1.666413546E-1,-3.701257706E-1,7.620212469E-1
1.658966320E1,-9.259662628E-1,-6.263017654E-2,4.382591248E-1,1.026356234E0
1.660665487E1,-6.787430644E-1,-3.387975693E-2,8.408384323E-1,1.081133320E0
1.662364856E1,4.653965235E-1,-3.188406229E-1,1.338615417E-1,5.798035695E-1
1.664064845E1,4.929794073E-1,-3.752496243E-1,-1.211204529E-1,6.312773880E-1
1.665763627E1,4.744297266E-2,-5.171763897E-1,1.006546021E-1,5.290119116E-1
1.667464638E1,-9.005586505E-1,-2.291374207E-1,5.815286636E-1,1.096214134E0
1.669163695E1,-1.346269965E0,-1.440103054E-1,3.343238831E-1,1.394616164E0
1.670862913E1,-9.929704070E-1,-3.903138638E-1,-7.307004929E-1,1.293158286E0
1.672559668E1,-7.003135234E-2,-6.563496590E-1,-1.125528336E0,1.304803931E0
1.674260835E1,7.087850571E-1,-6.923256516E-1,-5.466585159E-1,1.131603552E0
1.675961984E1,9.093746543E-1,-4.282181263E-1,3.475246429E-1,1.063534862E0
1.677660626E1,9.165838361E-1,-4.922144413E-1,4.016761780E-1,1.115233041E0
1.679360009E1,6.814585328E-1,-1.127257228E0,-1.008015633E0,1.658671187E0
1.681059374E1,3.441826701E-1,-1.757754564E0,-1.496203423E0,2.333835363E0
1.682759215E1,-4.795604050E-1,-1.823726416E0,-9.777364731E-1,2.124129194E0
1.684457975E1,-3.936299682E-2,-2.099348068E0,9.629440308E-2,2.101923968E0
1.686157454E1,7.281366587E-1,-2.522716045E0,1.328239441E-1,2.629053335E0
1.687857219E1,7.052595615E-1,-2.938954592E0,3.758335114E-1,3.045668395E0
1.689556292E1,5.698719621E-1,-3.273701191E0,8.710432053E-1,3.435198656E0
1.691254489E1,3.634870946E-1,-3.535147905E0,1.143549919E0,3.733242558E0
1.692955368E1,6.872668117E-2,-3.785849810E0,1.225751877E0,3.979930879E0
1.694654488E1,9.113765508E-2,-4.016034126E0,1.389941216E0,4.250737907E0
1.696353891E1,7.133358717E-1,-4.123896599E0,1.404981613E0,4.414673777E0
1.698053236E1,7.500452399E-1,-3.778929949E0,1.669206619E0,4.198705772E0
1.699753141E1,6.282237172E-1,-3.462127209E0,1.897111893E0,3.997502143E0
1.701451123E1,7.885451913E-1,-3.038150311E0,1.364912987E0,3.422739880E0
1.703150068E1,1.044636369E0,-2.577640772E0,2.731809616E-1,2.794660074E0
1.704849466E1,9.748970270E-1,-2.446428776E0,-3.882837296E-1,2.661992153E0
1.706547994E1,7.190648317E-1,-2.399382830E0,-6.825113297E-1,2.596134417E0
1.708248304E1,6.355892420E-1,-2.326490879E0,-6.442441940E-1,2.496314098E0
1.709947488E1,3.613198698E-1,-2.276642084E0,-5.008363724E-1,2.358916764E0
1.711647016E1,-2.368092984E-1,-2.034020901E0,-3.369874954E-1,2.075302446E0
1.713346341E1,-3.458301127E-1,-1.676040888E0,-2.658309937E-1,1.731871139E0
1.715046071E1,9.933133423E-2,-1.355638504E0,-4.265403748E-1,1.424625972E0
1.716746251E1,3.588087559E-1,-7.866430879E-1,-9.623460770E-1,1.293700523E0
1.718446031E1,5.043100715E-1,-6.988416910E-1,-7.875709534E-1,1.167465787E0
1.720144895E1,9.502217174E-2,-5.656301975E-1,-3.666772842E-1,6.807488261E-1
1.721844960E1,-2.050306052E-1,-9.813749790E-2,-2.874374390E-1,3.664543613E-1
1.723542710E1,-2.385123074E-2,-9.920358658E-3,-2.185411453E-1,2.200625523E-1
1.725243122E1,1.361889392E-1,2.287926674E-1,-2.446355820E-1,3.615799770E-1
1.726942999E1,5.578792691E-1,4.224636555E-1,-5.507602692E-1,8.905288840E-1
1.728642814E1,6.040912271E-1,4.670321941E-1,-6.463909149E-1,1.000433154E0
1.730341875E1,6.088295579E-2,5.849339962E-1,-3.758411407E-1,6.979334333E-1
1.732040891E1,-3.993268013E-1,6.228753328E-1,-2.889451981E-1,7.943078131E-1
1.733740262E1,-3.361651897E-1,5.745484829E-1,-4.633140564E-1,8.110320024E-1
1.735439877E1,-3.522289693E-1,5.915026665E-1,-7.929849625E-1,1.050126565E0
1.737138382E1,-3.893593550E-1,5.821009874E-1,-9.980287552E-1,1.219222565E0
1.738838896E1,-6.667264700E-1,7.101460695E-1,-1.045248032E0,1.428766977E0
1.740536768E1,-1.023733854E0,8.902701139E-1,-1.018212318E0,1.696280698E0
1.742236917E1,-8.032588363E-1,1.170027852E0,-7.462615967E-1,1.603463845E0
1.743936884E1,-4.410570264E-1,1.350978494E0,-1.402769089E-1,1.428058753E0
1.745635998E1,-3.808557093E-1,1.745099902E0,3.447933197E-1,1.819150124E0
1.747335149E1,-4.628079534E-1,2.153230190E0,2.896423340E-1,2.221369878E0
1.749034956E1,-1.809177995E-1,2.244533062E0,-4.579820633E-1,2.297913725E0
1.750734119E1,4.241406918E-2,2.435973644E0,-1.134347916E0,2.687473115E0
1.752431887E1,1.273877025E-1,2.563463211E0,-7.445478439E-1,2.672437605E0
1.754131299E1,-5.992829800E-3,2.883771420E0,2.649574280E-1,2.895924024E0
1.755831221E1,1.047828197E-1,3.008191109E0,6.753549576E-1,3.084849673E0
1.757529266E1,2.394998074E-2,3.076581478E0,8.238763809E-1,3.185074486E0
1.759229752E1,-1.767627895E-1,3.117073774E0,4.801454544E-1,3.158786738E0
1.760929077E1,-7.433602214E-2,3.325052023E0,4.674530029E-1,3.358572481E0
1.762628504E1,5.216711760E-2,3.507387161E0,5.282363892E-1,3.547325724E0
1.764329219E1,1.783434153E-1,3.290697813E0,1.356801987E-1,3.298318903E0
1.766028858E1,3.388700485E-1,2.819632292E0,-2.803945541E-1,2.853730940E0
1.767725828E1,5.465531349E-1,2.327205658E0,-6.249799728E-1,2.470871601E0
1.769427616E1,4.492615461E-1,1.908783913E0,-1.149024963E-1,1.964305105E0
1.771126477E1,1.788045168E-1,1.800982237E0,8.289451599E-1,1.990642648E0
1.772824880E1,-1.377242804E-2,1.671099663E0,1.060615540E0,1.979310255E0
1.774525301E1,-8.855965734E-2,1.588054180E0,5.859060287E-1,1.695005831E0
1.776224890E1,-1.294876039E-1,1.397234678E0,-2.042732239E-1,1.418012460E0
1.777924246E1,-1.785698235E-1,1.352677107E0,-4.078674316E-1,1.424071058E0
1.779623244E1,-1.902973056E-1,1.328339458E0,-4.242095947E-1,1.407356586E0
1.781323007E1,-2.228343040E-1,1.285051465E0,-3.481912613E-1,1.349907237E0
1.783022409E1,-3.829080164E-1,1.178359866E0,-8.274936676E-2,1.241772113E0
1.784720494E1,-4.788623452E-1,1.314428449E0,4.016695023E-1,1.455462016E0
1.786421247E1,2.199940979E-1,1.254872322E0,-1.295242310E-1,1.280577399E0
1.788120932E1,7.755925655E-1,9.088572264E-1,-8.035888672E-1,1.439902897E0
1.789818695E1,6.299717426E-1,4.096853733E-1,-6.227512360E-1,9.759741818E-1
1.791519054E1,-1.367623359E-1,2.908390760E-1,6.982307434E-1,7.686465220E-1
1.793218745E1,-1.002009034E0,2.443662882E-1,1.661107063E0,1.955252839E0
1.794918408E1,-1.123376727E0,3.816113472E-1,2.145679474E0,2.451844794E0
1.796617382E1,-7.736356854E-1,5.829168558E-1,1.953125954E0,2.180138809E0
1.798316872E1,-2.224898636E-1,7.312691212E-1,1.234695435E0,1.452146371E0
1.800014996E1,5.246837735E-1,3.300706148E-1,-5.566186905E-1,8.331050591E-1
1.801715416E1,5.556529164E-1,9.038329124E-2,-9.231557846E-1,1.081265881E0
1.803413740E1,-3.094262071E-2,-2.072521448E-1,-1.950254440E-1,2.862618052E-1
1.805112884E1,-4.545596242E-1,-3.008902073E-1,8.395032883E-1,1.000962107E0
1.806811100E1,-8.498049974E-1,-4.639086723E-1,1.242052078E0,1.574824801E0
1.808511849E1,-1.112422347E0,-5.880811214E-1,8.468437195E-1,1.516729102E0
1.810211249E1,-5.354948044E-1,-7.313274741E-1,3.384733200E-1,9.675529692E-1
1.811911475E1,-9.434903413E-2,-4.560384750E-1,2.845878601E-1,5.457683401E-1
1.813610049E1,3.883802295E-1,-6.616126299E-1,-3.657484055E-1,8.499072719E-1
1.815311038E1,2.805255651E-1,-9.004989266E-1,-1.255874634E0,1.570609438E0
1.817008818E1,6.151974201E-3,-1.231976748E0,-7.728881836E-1,1.454359205E0
1.818708218E1,-5.016337633E-1,-1.109395266E0,2.265357971E-2,1.217746884E0
1.820406938E1,1.321418881E-1,-1.334806681E0,-4.035768509E-1,1.400730034E0
1.822108295E1,1.607765675E0,-2.342828751E0,-2.243909359E0,3.620619592E0
1.823808227E1,2.056508303E0,-3.053174019E0,-2.298161030E0,4.339659216E0
1.825506835E1,6.443425417E-1,-3.365657568E0,2.455596924E-1,3.435568037E0
1.827206055E1,-4.421453476E-1,-3.429421663E0,2.249735832E0,4.125255964E0
1.828906122E1,-6.510850787E-1,-3.636671305E0,2.092546463E0,4.245944024E0
1.830603607E1,-4.367345273E-1,-3.772620678E0,1.290699959E0,4.011148241E0
1.832304606E1,-2.112518251E-2,-3.769572735E0,9.380340576E-1,3.884589138E0
1.834003996E1,4.855037630E-1,-3.709161282E0,1.151771545E0,3.914098748E0
1.835702043E1,7.314698696E-1,-3.577602386E0,1.316861153E0,3.881805031E0
1.837402828E1,7.428022027E-1,-3.464966774E0,1.196073532E0,3.740099163E0
1.839101668E1,8.983512521E-1,-3.269240141E0,8.694334030E-1,3.500125785E0
1.840801840E1,8.893944621E-1,-2.919747114E0,5.347690582E-1,3.098697092E0
1.842498403E1,7.285965681E-1,-2.502494574E0,1.965541840E-1,2.613802899E0
1.844200501E1,8.543750048E-1,-2.273135662E0,-3.537530899E-1,2.454026005E0
1.845899652E1,1.011668205E0,-2.025842428E0,-6.859998703E-1,2.366031683E0
1.847597864E1,8.044998050E-1,-1.978573084E0,-5.874395370E-1,2.215187711E0
1.849298041E1,5.292382836E-1,-2.094831705E0,-3.106784821E-2,2.160874417E0
1.850996466E1,2.826340497E-1,-2.040616512E0,8.126869202E-1,2.214601045E0
1.852694611E1,3.241802454E-1,-1.969907045E0,9.955501556E-1,2.230862325E0
1.854395262E1,1.807127893E-1,-1.432881594E0,2.422494888E-1,1.464408273E0
1.856094602E1,1.448391229E-1,-1.104579568E0,-5.110712051E-1,1.225670498E0
1.857794134E1,-8.048316836E-2,-9.234252572E-1,-3.798666000E-1,1.001743670E0
1.859493275E1,1.429947317E-1,-1.084446192E0,-3.656406403E-1,1.153327410E0
1.861192816E1,1.995270848E-1,-1.198106289E0,-3.815765381E-1,1.273134082E0
1.862891436E1,-1.476486623E-1,-1.032567501E0,-3.738870621E-1,1.108055643E0
1.864592581E1,-8.324676752E-2,-8.102390766E-1,-6.884250641E-1,1.066464465E0
1.866292561E1,7.605548203E-2,-6.669052839E-1,-1.168460846E0,1.347533986E0
1.867991726E1,1.015582234E-1,-4.603800774E-1,-1.703552246E0,1.767584268E0
1.869689307E1,1.240170449E-1,-1.122090816E-1,-1.604111671E0,1.612806672E0
1.871389102E1,3.741622269E-1,-9.483933449E-2,-1.378293037E0,1.431322315E0
1.873089551E1,2.743877769E-1,4.437541962E-2,-1.206867218E0,1.238461268E0
1.874789518E1,1.384508014E-1,1.221153736E-1,-1.181130409E0,1.195470549E0
1.876488578E1,-4.017790258E-1,5.093591213E-1,-1.237133026E0,1.396914895E0
1.878187985E1,-5.855738521E-1,7.094419003E-1,-1.020747185E0,1.374092195E0
1.879887249E1,-5.010722280E-1,1.032346725E0,-9.650354385E-1,1.499368713E0
1.881585864E1,-3.142781556E-1,1.104313374E0,-1.066177368E0,1.566848099E0
1.883284986E1,-2.017201483E-1,9.189022779E-1,-9.446344376E-1,1.333194148E0
1.884985352E1,-4.385134876E-1,1.465528965E0,-2.433204651E-1,1.548959029E0
1.886686293E1,-2.205124795E-1,1.656230807E0,2.346792221E-1,1.687246449E0
1.888382979E1,-2.885183692E-1,2.026122332E0,5.252161026E-1,2.112881091E0
1.890083344E1,-4.243118465E-1,2.234563589E0,3.424024582E-1,2.300120523E0
1.891783336E1,-2.502714396E-1,2.623947859E0,-5.173778534E-2,2.636363965E0
1.893482075E1,2.979797125E-1,3.167890787E0,4.077892303E-1,3.207899002E0
1.895182142E1,7.619222999E-1,3.784476757E0,1.298268318E0,4.072872517E0
1.896880382E1,1.102247715E0,4.014882088E0,1.429737091E0,4.402087727E0
1.898579154E1,1.034618855E0,4.154047012E0,8.771848679E-1,4.369896572E0
1.900279812E1,9.319171906E-1,4.268797874E0,1.173019409E0,4.524055645E0
1.901977886E1,9.399527311E-1,4.372766018E0,1.736646652E0,4.797972007E0
1.903678369E1,1.053260684E0,4.264916420E0,1.435400009E0,4.621606141E0
1.905376789E1,1.157083273E0,3.986113071E0,2.721147537E-1,4.159565549E0
1.907076445E1,1.045256734E0,3.433694839E0,-6.246709824E-1,3.643217771E0
1.908775433E1,1.066549301E0,2.927267551E0,-1.040939331E0,3.284810104E0
1.910475071E1,7.866764069E-1,2.524537086E0,-1.493977547E0,3.037123010E0
1.912174322E1,2.768720686E-1,2.365039349E0,-1.451228142E0,2.788571746E0
1.913875376E1,-3.574261665E-1,2.407733440E0,-8.998432159E-1,2.595120729E0
1.915573150E1,-3.549548388E-1,2.407893658E0,-4.744844437E-1,2.479733915E0
1.917272279E1,1.422497034E-1,1.991132498E0,-8.206214905E-1,2.158301006E0
1.918975436E1,2.551627159E-1,2.023058414E0,-9.785528183E-1,2.261733622E0
1.920670752E1,3.027455807E-1,1.575620532E0,-1.112218857E0,1.952246330E0
1.922372010E1,-8.601528406E-2,1.556922197E0,-9.013633728E-1,1.801072260E0
1.924070744E1,-4.035726786E-1,1.628461480E0,-4.328308105E-1,1.732656980E0
1.925771305E1,-2.111990452E-1,1.556336284E0,-1.516199112E-1,1.577902488E0
1.927470137E1,3.677133322E-1,1.201412439E0,-9.140539169E-1,1.553737271E0
1.929169559E1,5.945250392E-1,1.144281745E0,-1.276820183E0,1.814692953E0
1.930868819E1,5.002757311E-1,8.211611509E-1,-7.448968887E-1,1.216327595E0
1.932566985E1,2.850549221E-1,6.419272423E-1,7.276153564E-2,7.061311026E-1
1.934267916E1,3.023463488E-2,2.293738127E-1,6.521081924E-1,6.919332148E-1
1.935966824E1,-1.797292233E-1,-3.283873796E-1,1.356941223E0,1.407632888E0
1.937665129E1,-5.155220032E-1,-3.860736489E-1,2.230467796E0,2.321594794E0
1.939366322E1,-5.484515429E-1,-6.154356003E-1,1.724158287E0,1.911094417E0
1.941064668E1,-9.408345222E-1,-5.069557428E-1,1.004508018E0,1.466700407E0
1.942764632E1,-5.400400758E-1,-8.160822392E-1,1.672639847E-1,9.927793033E-1
1.944463935E1,-3.810132146E-1,-8.916882873E-1,-3.752613068E-2,9.704057305E-1
1.946163025E1,-5.101423264E-1,-6.328303218E-1,6.898212433E-1,1.066101664E0
1.947863026E1,1.560449600E-4,-5.865990520E-1,3.512926102E-1,6.837433510E-1
1.949559473E1,8.517271876E-1,-1.152191639E0,-1.655672073E0,2.189574111E0
1.951260846E1,8.271588087E-1,-1.928169489E0,-2.553382874E0,3.304813667E0
1.952959493E1,-2.242487669E-2,-2.040574789E0,-7.950592041E-2,2.042246199E0
1.954658969E1,-8.358938694E-1,-1.583433867E0,2.635196686E0,3.185944592E0
1.956358360E1,-2.168011069E-1,-1.372864008E0,2.027095795E0,2.457819291E0
1.958057690E1,1.128535509E0,-2.569462061E0,-1.659061432E0,3.260093942E0
1.959757120E1,1.126554728E0,-3.367805958E0,-2.902933598E0,4.586748957E0
1.961456501E1,1.783400178E-1,-3.759190798E0,-3.569011688E-1,3.780304096E0
1.963155902E1,-5.048014522E-1,-3.429762840E0,2.644242287E0,4.360059050E0
1.964856900E1,5.320060253E-2,-3.782636166E0,2.456556320E0,4.510635833E0
1.966555413E1,2.339618206E-1,-4.098568439E0,9.268159866E-1,4.208561424E0
1.968255338E1,-3.110177815E-1,-4.357827663E0,7.931423187E-1,4.440323045E0
1.969955040E1,-8.570323586E-1,-4.357984543E0,1.629322052E0,4.730879843E0
1.971653788E1,-7.414873242E-1,-4.340727329E0,2.045824051E0,4.855626967E0
1.973352200E1,-1.720523834E-2,-4.100734234E0,1.708055496E0,4.442270912E0
1.975051582E1,5.258997083E-1,-3.893214226E0,1.193914413E0,4.105985769E0
1.976751004E1,6.394999027E-1,-3.377533197E0,6.202545166E-1,3.493051143E0
1.978450316E1,9.356331825E-1,-2.893701553E0,9.219455719E-2,3.042600527E0
1.980149723E1,1.436296701E0,-2.731100082E0,-4.163198471E-1,3.113708093E0
1.981849453E1,1.103606343E0,-2.565145969E0,-1.618938446E-1,2.797164711E0
1.983549853E1,7.299115658E-1,-2.847760201E0,4.088907242E-1,2.968113993E0
1.985248564E1,2.320564985E-1,-3.067917585E0,9.555892944E-1,3.221664078E0
1.986950178E1,-4.654982090E-1,-3.011349678E0,1.323756218E0,3.322235090E0
1.988647518E1,-4.907811284E-1,-2.914265633E0,6.937484741E-1,3.035637864E0
1.990346577E1,-4.002510309E-1,-2.394153595E0,-7.312240601E-1,2.535125431E0
1.992046773E1,1.224693954E-1,-1.831380248E0,-1.829051018E0,2.591212070E0
1.993746148E1,4.991791248E-1,-1.476487517E0,-1.843368053E0,2.413959604E0
1.995444194E1,9.200248122E-2,-1.055128098E0,-9.977598190E-1,1.455089143E0
1.997144589E1,-2.974575758E-1,-6.284745336E-1,-2.936449051E-1,7.547771718E-1
1.998844578E1,-1.845134795E-1,-1.688125134E-1,-1.441783905E-1,2.886698756E-1
2.000541889E1,3.684002161E-1,4.636132717E-2,-7.421998978E-1,8.298968491E-1
2.002241987E1,6.456368566E-1,3.554074764E-1,-1.191169739E0,1.400730799E0
2.003941138E1,1.888920069E-1,6.391886473E-1,-1.239389420E0,1.407241433E0
2.005640490E1,-8.424520493E-3,7.317464352E-1,-1.301955223E0,1.493523090E0
2.007339641E1,2.243279219E-1,1.245832443E0,-1.325925827E0,1.833166875E0
2.009039282E1,6.978831291E-1,1.521702766E0,-1.467453003E0,2.226216182E0
2.010738950E1,6.155259013E-1,1.918182731E0,-6.219177246E-1,2.108335547E0
2.012437781E1,2.159193158E-1,1.686455369E0,-2.066440582E-1,1.712733088E0
2.014137182E1,-2.161618769E-1,1.861797094E0,-7.803535461E-1,2.030262553E0
2.015838565E1,-1.996897161E-1,1.812305808E0,-1.594234467E0,2.421964463E0
2.017536439E1,-3.158664703E-2,1.758799791E0,-1.460807800E0,2.286555018E0
2.019235830E1,-1.098788381E-1,2.211360455E0,-4.064083099E-1,2.251078882E0
2.020935771E1,-8.813542128E-2,1.989913583E0,3.297233582E-2,1.992137318E0
2.022635986E1,-3.301459551E-2,1.915821433E0,2.100620270E-1,1.927585999E0
2.024335122E1,-2.163562179E-1,2.121292591E0,9.413957596E-1,2.330862125E0
2.026034468E1,-9.874975681E-2,2.347096920E0,1.045801163E0,2.571442307E0
2.027733716E1,1.790612936E-1,2.440278053E0,5.102186203E-1,2.499468536E0
2.029433254E1,5.021631122E-1,2.743124485E0,1.485843658E-1,2.792664864E0
2.031132216E1,5.634727478E-1,3.125943184E0,2.372446060E-1,3.185169906E0
2.032832361E1,5.463210344E-1,3.320909977E0,4.915866852E-1,3.401259651E0
2.034532384E1,4.298363924E-1,3.496029615E0,7.611885071E-1,3.603663461E0
2.036230760E1,3.557585478E-1,3.786118984E0,9.628190994E-1,3.922790043E0
2.037930165E1,4.959567785E-1,3.917158604E0,5.764961243E-1,3.990294780E0
2.039628196E1,5.700619817E-1,3.598460197E0,-1.353130341E-1,3.645846414E0
2.041328950E1,8.354894519E-1,3.281362057E0,-9.710474014E-1,3.522543488E0
2.043028295E1,1.062317729E0,2.802888393E0,-1.548726082E0,3.373907939E0
2.044727514E1,9.887754917E-1,2.525835514E0,-1.359416962E0,3.034062704E0
2.046426763E1,7.503260374E-1,2.265316963E0,-8.697319031E-1,2.539898362E0
2.048126749E1,2.127979994E-1,2.195436001E0,-1.274852753E-1,2.209405965E0
2.049825551E1,-2.254974246E-1,2.332707882E0,1.820993423E-1,2.350645724E0
2.051524149E1,-5.485469103E-1,2.230138302E0,-6.319475174E-1,2.381969400E0
2.053222887E1,-9.571075439E-3,1.736104131E0,-1.900691986E0,2.574253131E0
2.054922222E1,1.062536240E-2,1.514326930E0,-2.098018169E0,2.587465785E0
2.056622087E1,-5.815559626E-2,1.375926256E0,-4.262342453E-1,1.441607009E0
2.058321479E1,-3.063910604E-1,1.339524031E0,6.863584518E-1,1.535997407E0
2.060019759E1,-2.084852457E-1,1.147777438E0,2.344675064E-1,1.189888296E0
2.061720323E1,2.125998735E-1,8.610992432E-1,-6.629323959E-1,1.107325595E0
2.063419636E1,-4.037690163E-2,7.929029465E-1,-9.149160385E-1,1.211361521E0
2.065120973E1,-1.216538548E-1,7.020413876E-1,-1.136483192E0,1.341363417E0
2.066819387E1,-1.490383744E-1,2.671533823E-1,-1.398962021E0,1.432018890E0
2.068518916E1,-1.369928122E-1,-4.716515541E-2,-8.153028488E-1,8.280762753E-1
2.070218460E1,3.966475725E-1,-3.338198662E-1,5.864381790E-1,7.827354200E-1
2.071917875E1,-3.385418653E-2,-8.228504658E-2,1.750708580E0,1.752968188E0
2.073617255E1,-1.949991584E-1,-2.420593500E-1,9.789075851E-1,1.027072276E0
2.075315348E1,-1.015879035E0,-2.280710936E-1,-7.951259613E-1,1.310057988E0
2.077015978E1,-1.144818544E0,-4.943169355E-1,-1.894179821E0,2.267790979E0
2.078717656E1,-1.903779507E-1,-6.922625899E-1,-1.389833450E0,1.564323585E0
2.080415344E1,1.277611852E-1,-5.736639500E-1,5.478820801E-1,8.034849231E-1
2.082113853E1,3.606609106E-1,-8.782823086E-1,1.266304016E0,1.582713482E0
2.083812593E1,9.443436861E-1,-1.260753155E0,8.943986893E-1,1.811417271E0
2.085512574E1,5.085046887E-1,-1.283651114E0,6.497058868E-1,1.525927567E0
2.087212301E1,1.262784004E0,-1.578444242E0,8.726186752E-1,2.201720468E0
2.088911757E1,1.171867967E0,-2.171692371E0,3.815670013E-1,2.497021358E0
2.090611114E1,8.367077708E-1,-2.850248337E0,2.336311340E-1,2.979694444E0
2.092310594E1,3.973807096E-1,-2.900239468E0,9.128189087E-1,3.066355941E0
2.094010052E1,5.000438690E-1,-3.195394754E0,1.184363365E0,3.444315329E0
2.095707751E1,8.820865154E-1,-3.533175945E0,1.256509781E0,3.852301353E0
2.097408635E1,9.369397759E-1,-3.928037167E0,1.176045418E0,4.205997498E0
2.099107852E1,2.490877509E-1,-4.135690689E0,1.534284592E0,4.418145696E0
2.100805963E1,-4.371376336E-1,-4.199886322E0,1.821479797E0,4.598687104E0
2.102505495E1,-4.650944471E-1,-4.408320904E0,1.655776024E0,4.731934095E0
2.104204880E1,-3.635587096E-1,-4.230143547E0,1.256726265E0,4.427826811E0
2.105904313E1,-2.143878043E-1,-3.989419460E0,7.489986420E-1,4.064779050E0
2.107603626E1,2.650666833E-1,-3.584651470E0,7.326068878E-1,3.668337411E0
2.109303038E1,4.358723164E-1,-3.285379887E0,7.999448776E-1,3.409342676E0
2.111002414E1,4.197103083E-1,-2.709825277E0,6.917037964E-1,2.828031810E0
2.112701843E1,4.370715320E-1,-2.314549446E0,4.984769821E-1,2.407623302E0
2.114401188E1,5.030709505E-1,-2.240983009E0,2.959613800E-1,2.315745748E0
2.116102209E1,5.312372446E-1,-2.192683220E0,3.735141754E-1,2.286828711E0
2.117800129E1,3.744859695E-1,-2.078540802E0,4.679985046E-1,2.163236974E0
2.119500722E1,8.338212967E-3,-1.945886850E0,7.943305969E-1,2.101786444E0
2.121199530E1,-2.706057727E-1,-1.260796666E0,1.007237434E0,1.636264944E0
2.122897040E1,2.500469089E-1,-8.845836520E-1,8.244676590E-1,1.234811166E0
2.124597679E1,5.383770466E-1,-6.069574356E-1,4.169530869E-1,9.121935373E-1
2.126297015E1,5.478988886E-1,-6.509101391E-1,5.428504944E-2,8.525397749E-1
2.127995254E1,3.953714371E-1,-5.288991928E-1,-2.376184464E-1,7.017944538E-1
2.129694657E1,1.404093504E-1,-4.322984219E-1,-1.773099899E-1,4.878888641E-1
2.131395070E1,-1.167792678E-1,-3.964676857E-1,-1.659631729E-1,4.453849997E-1
2.133096092E1,8.548474312E-2,-3.168425560E-1,-1.359195709E-1,3.552055410E-1
2.134795133E1,6.786869764E-1,-7.101283073E-1,-7.275886536E-1,1.222408882E0
2.136494138E1,4.260537624E-1,-4.420206547E-1,-7.142610550E-1,9.418454875E-1
2.138194216E1,5.199270248E-1,-3.270658255E-1,-3.657598495E-1,7.148960994E-1
2.139893334E1,5.795207620E-1,-3.520488739E-2,-1.219396591E-1,5.932562500E-1
2.141591364E1,5.592793226E-1,-2.326787710E-1,-1.754474640E-1,6.306461637E-1
2.143291759E1,4.721432924E-1,-3.028570414E-1,-1.715183258E-1,5.865664601E-1
2.144989750E1,4.496487975E-1,-4.375830889E-1,-7.204494476E-1,9.553587846E-1
2.146689237E1,-4.767189324E-1,9.284663200E-2,-1.344266891E0,1.429312742E0
2.148390182E1,-1.537191629E0,9.891023636E-1,-1.140007019E0,2.154274262E0
2.150088316E1,-1.562553406E0,1.663536072E0,-8.119287491E-1,2.422427233E0
2.151786916E1,-1.184454441E0,2.285043955E0,-1.217308044E0,2.847138401E0
2.153487250E1,-7.178947926E-1,2.621245146E0,-1.728099823E0,3.220656462E0
2.155186447E1,-7.264563441E-1,2.990798950E0,-1.592866898E0,3.465521914E0
2.156885855E1,-2.970908284E-1,3.456439972E0,-1.332093239E0,3.716142171E0
2.158585246E1,5.582449436E-1,3.743335962E0,-1.155202866E0,3.957106924E0
2.160284658E1,1.231031179E0,4.051281929E0,-6.398010254E-1,4.282250388E0
2.161983974E1,1.433571577E0,3.851161480E0,-2.221155167E-1,4.115325930E0
2.163682315E1,1.065490246E0,3.346823215E0,4.279499054E-1,3.538309797E0
2.165382543E1,6.994660497E-1,2.791795969E0,7.348690033E-1,2.970422519E0
2.167084083E1,4.426000118E-1,2.536446333E0,6.756572723E-1,2.661948069E0
2.168782538E1,3.748889565E-1,2.189781904E0,-4.615879059E-2,2.222119968E0
2.170482552E1,3.817718029E-1,1.768103600E0,-7.521505356E-1,1.958997314E0
2.172181560E1,4.295429587E-1,1.327836514E0,-1.490612984E0,2.041955932E0
2.173881053E1,4.915134311E-1,8.504054546E-1,-1.811221123E0,2.060411815E0
2.175579172E1,2.079598904E-1,3.498039246E-1,-1.397657394E0,1.455697872E0
2.177279504E1,-2.120569944E-1,-1.177332401E-1,-7.515516281E-1,7.897209219E-1
2.178979557E1,-4.112762213E-1,-4.659295082E-1,5.523681641E-2,6.239307195E-1
2.180678096E1,-5.513086915E-1,-5.996806622E-1,6.634750366E-1,1.050598541E0
2.182376969E1,-4.200319946E-1,-7.306858301E-1,8.622751236E-1,1.205755799E0
2.184077286E1,-3.641675413E-1,-6.345995665E-1,6.565694809E-1,9.830656596E-1
2.185776773E1,-3.630944788E-1,-6.291669607E-1,3.600769043E-1,8.107675635E-1
2.187474468E1,-3.917714357E-1,-5.934565067E-1,1.680822372E-1,7.307031694E-1
2.189175240E1,-4.503041506E-1,-5.559413433E-1,2.095832825E-1,7.454996697E-1
2.190873183E1,-3.548099995E-1,-4.424251318E-1,1.104269028E-1,5.777752451E-1
2.192571951E1,-1.779032946E-1,-2.409610748E-1,-6.380367279E-2,3.062396618E-1
2.194272130E1,5.504268408E-2,-1.758227348E-1,-1.151943207E-1,2.172856707E-1
2.195971971E1,1.795362830E-1,-7.140445709E-2,-6.688880920E-2,2.044651222E-1
2.197672058E1,2.203713655E-1,-2.210760117E-2,1.946640015E-2,2.223313417E-1
2.199370484E1,1.744082570E-1,8.149480820E-2,-9.428691864E-2,2.143587341E-1
2.201069939E1,1.520078778E-1,6.976866722E-2,-1.750946045E-1,2.421408317E-1
2.202768778E1,-3.858470917E-2,3.113412857E-2,-3.068180084E-1,3.107980116E-1
2.204469153E1,-8.837938309E-2,1.122143269E-1,1.868343353E-2,1.440556878E-1
2.206168046E1,3.766536713E-3,-1.140189171E-2,2.772598267E-1,2.775197316E-1
2.207867478E1,1.244571805E-1,-5.917549133E-2,2.950057983E-1,3.256067407E-1
2.209565828E1,1.301765442E-1,-6.986713409E-2,2.653875351E-1,3.037398441E-1
2.211266199E1,-3.170979023E-2,-1.083757877E-1,2.395172119E-1,2.648005230E-1
2.212965658E1,-2.696772218E-1,-8.703780174E-2,2.228212357E-1,3.604867348E-1
2.214664999E1,-3.094905615E-1,-5.185508728E-2,7.903099060E-2,3.236035463E-1
2.216364346E1,-5.589747429E-2,-8.969640732E-2,-1.145763397E-1,1.558772297E-1
2.218065362E1,6.972730160E-2,-1.071021557E-1,-8.544921875E-4,1.278025763E-1
2.219764494E1,7.049399614E-2,-1.495685577E-1,1.833457947E-1,2.468923599E-1
2.221462593E1,4.376751184E-2,-1.634926796E-1,5.439662933E-2,1.777763895E-1
2.223162860E1,-5.598664284E-4,-1.266963482E-1,-1.132192612E-1,1.699143290E-1
2.224861311E1,-4.586046934E-2,-8.228302002E-2,-5.153560638E-2,1.073759599E-1
2.226559932E1,-2.682209015E-6,-6.355714798E-2,5.807876587E-3,6.382195936E-2
2.228259726E1,3.839063644E-2,-3.166055679E-2,-1.605319977E-1,1.680677069E-1
2.229959808E1,7.167446613E-2,-6.009745598E-2,-1.647720337E-1,1.894696714E-1
2.231657147E1,-5.304425955E-2,-2.215719223E-2,-1.435403824E-1,1.546236593E-1
2.233358242E1,-5.676269531E-2,-1.286149025E-1,3.036499023E-2,1.438256909E-1
2.235059272E1,-9.071922302E-2,-7.352113724E-2,1.950473785E-1,2.273297493E-1
2.236757092E1,-4.512536526E-2,-6.166577339E-2,2.715129852E-1,2.820607512E-1
2.238457421E1,1.597976685E-2,2.680087090E-2,1.829748154E-1,1.856163320E-1
2.240157090E1,6.673634052E-2,4.759812355E-2,-7.043266296E-2,1.080744212E-1
2.241856844E1,5.606913567E-2,7.048130035E-2,-3.246498108E-1,3.369107617E-1
2.243556049E1,1.125691533E-1,1.123783588E-1,-3.712472916E-1,4.038876840E-1
2.245254911E1,5.906844139E-2,1.006159782E-1,-1.212034225E-1,1.682347333E-1
2.246954622E1,7.274520397E-2,4.296994209E-2,1.249198914E-1,1.508086864E-1
2.248652745E1,6.921476126E-2,-3.015851974E-2,2.333459854E-1,2.452561282E-1
2.250352070E1,3.948515654E-2,-1.042680740E-1,1.913528442E-1,2.214651662E-1
2.252051489E1,1.752007008E-2,-1.145889759E-1,7.302093506E-2,1.370023475E-1
2.253750897E1,-4.218888283E-2,-1.126458645E-1,-7.358551025E-3,1.205119948E-1
2.255450290E1,-2.107918262E-1,-4.729032516E-2,9.116554260E-2,2.344796900E-1
2.257149632E1,-1.881810427E-1,-1.063122749E-1,1.391735077E-1,2.570674423E-1
2.258849031E1,-7.645243406E-2,-1.285052299E-1,2.153396606E-2,1.510704488E-1
2.260547638E1,-1.148498058E-2,-1.642189026E-1,-1.301765442E-3,1.646251723E-1
2.262248154E1,-9.157842398E-2,-1.200137138E-1,1.081838608E-1,1.857246537E-1
2.263947062E1,-1.626514792E-1,-8.577251434E-2,9.548282623E-2,2.071941071E-1
2.265646589E1,-1.685321331E-2,-7.304334641E-2,-1.330451965E-1,1.527101358E-1
2.267345983E1,3.981530666E-2,-1.939439774E-2,-2.111978531E-1,2.157914142E-1
2.269045736E1,7.481157780E-3,-3.818249702E-2,-2.290105820E-1,2.322923104E-1
2.270746643E1,-3.157871962E-2,2.049279213E-2,-1.725797653E-1,1.766378936E-1
2.272444829E1,6.635421515E-2,-1.139092445E-2,-4.930973053E-2,8.345109078E-2
2.274145097E1,8.989983797E-2,-1.107358932E-2,9.313201904E-2,1.299160430E-1
2.275844961E1,1.006292105E-1,-2.534675598E-2,1.217069626E-1,1.599414917E-1
2.277542255E1,8.370339870E-2,-2.864027023E-2,-6.344795227E-3,8.869487280E-2
2.279243053E1,-8.924007416E-4,-7.966995239E-3,-2.563095093E-2,2.685544708E-2
2.280941789E1,-6.990951300E-2,-3.451347351E-2,-1.602745056E-2,7.959521991E-2
2.282642041E1,-8.111190796E-2,-3.561019897E-2,3.695297241E-2,9.598307170E-2
2.284341176E1,-3.804218769E-2,-5.541634560E-2,-2.491092682E-2,7.168496131E-2
2.286040588E1,-1.511555910E-2,-4.119634628E-2,3.302955627E-2,5.492331619E-2
2.287739039E1,-5.021679401E-2,-3.702878952E-2,1.187925339E-1,1.341809366E-1
2.289438065E1,-4.744440317E-2,-2.249717712E-2,1.104869843E-1,1.223293426E-1
2.291138464E1,-8.748036623E-2,-4.471206665E-2,2.507209778E-3,9.827649506E-2
2.292838278E1,-9.591817856E-2,-4.265117645E-2,-1.530866623E-1,1.856204353E-1
2.294536759E1,-4.914432764E-2,-2.688121796E-2,-2.515544891E-1,2.577157850E-1
2.296236575E1,-6.289184093E-3,-1.030468941E-2,-9.824466705E-2,9.898361008E-2
2.297934928E1,1.036645174E-1,3.905797005E-2,-7.160568237E-1,7.245752080E-1
2.299634317E1,6.616723537E-2,2.579402924E-2,-1.540803909E-1,1.696590754E-1
2.301333719E1,-3.962600231E-2,2.132129669E-2,1.252365112E-1,1.330751724E-1
2.303033129E1,4.583692551E-2,-1.123127937E-1,1.040668488E-1,1.598283341E-1
2.304732474E1,6.153148413E-2,-7.417130470E-2,-1.112031937E-1,1.471518137E-1
2.306432154E1,-5.884170532E-4,-1.171133518E-1,-1.415166855E-1,1.836922853E-1
2.308130538E1,-2.132660151E-1,-1.075100899E-1,2.228984833E-1,3.266872303E-1
2.309831119E1,-2.600550652E-4,-1.065225601E-1,1.921882629E-1,2.197349582E-1
2.311528687E1,3.714590669E-1,-1.238179207E-2,2.313899994E-1,4.378087242E-1
2.313229658E1,3.518156409E-1,8.070468903E-2,-4.050254822E-2,3.632188713E-1
