time;signal
0,011877207;0,024434609
0,01386085;0,024434609
0,01587501;0,024434609
0,01788917;0,024434609
0,019811778;0,024434609
0,021825938;0,024434609
0,023779063;0,024434609
0,025793223;0,024434609
0,027776866;0,024434609
0,029760508;0,024434609
0,031652598;0,024434609
0,033666758;0,024434609
0,035619883;0,024434609
0,037603526;0,024434609
0,039556651;0,024434609
0,041540293;0,024434609
0,043493418;0,024434609
0,045477061;0,024434609
0,047460703;0,024434609
0,049444346;0,024434609
0,051366953;0,024434609
0,053381114;0,024434609
0,055303721;0,024434609
0,057287364;0,024434609
0,059209971;0,024434609
0,061224131;0,024434609
0,063146739;0,024434609
0,065160899;0,024434609
0,067144541;0,024434609
0,069128184;0,024434609
0,071020274;0,024434609
0,073003916;0,024434609
0,074957041;0,005497787
0,076940684;0,001832596
0,078893809;0,000610865
0,080877451;0,001832596
0,082830576;-0,00122173
0,084814219;-0,002443461
0,086797862;-0,004276057
0,088781504;-0,005497787
0,090673594;-0,007330383
0,092657237;-0,004276057
0,094610362;-0,007330383
0,096594004;-0,007941248
0,098547129;-0,007330383
0,100530772;-0,007330383
0,102483897;-0,004886922
0,104467539;-0,005497787
0,106451182;-0,000610865
0,108404307;-0,00122173
0,110326914;-0,002443461
0,112341075;0
0,1142942;0,001832596
0,116277842;0,00122173
0,11820045;0,002443461
0,12021461;0,00122173
0,122167735;0,00122173
0,124181895;0,003054326
0,126165537;0,002443461
0,12814918;0,002443461
0,130071787;0,00122173
0,13205543;0,001832596
0,134008555;0,00122173
0,135992198;0,00122173
0,137914805;0
0,139928965;0
0,14188209;0
0,14389625;0,001832596
0,145879893;-0,001832596
0,147863535;-0,00122173
0,149786143;0
0,151800303;-0,002443461
0,15372291;-0,00122173
0,155706553;-0,001832596
0,157659678;-0,002443461
0,159673838;0
0,161596446;-0,003665192
0,163610606;0
0,165594248;0,000610865
0,167577891;-0,002443461
0,169469981;0,000610865
0,171453623;0,000610865
0,173406748;0
0,175390391;-0,002443461
0,177343516;0,000610865
0,179327158;-0,00122173
0,181280283;-0,000610865
0,183263926;0
0,185247569;0,00122173
0,187200694;-0,001832596
0,189184336;-0,002443461
0,191167979;0,000610865
0,193121104;0
0,195104746;0,000610865
0,197057871;-0,003054326
0,199041514;0
0,200994639;0,000610865
0,202978282;0
0,204961924;-0,000610865
0,206945567;-0,000610865
0,208868174;-0,002443461
0,210851817;0,00122173
0,212804942;0,00122173
0,214788584;0,00122173
0,216741709;-0,00122173
0,218725352;-0,000610865
0,220678477;-0,001832596
0,222662119;0
0,224645762;-0,000610865
0,226629405;-0,002443461
0,228552012;-0,000610865
0,230566172;-0,00122173
0,23248878;-0,000610865
0,23450294;0,00122173
0,236425547;0,001832596
0,238439707;0
0,240362315;-0,001832596
0,242376475;-0,000610865
0,244360117;-0,00122173
0,246313242;0,00122173
0,248205332;-0,000610865
0,250188975;-0,004276057
0,2521421;0,00122173
0,254125742;-0,003665192
0,256078867;0
0,25806251;0,00122173
0,260015635;0
0,261999278;0,00122173
0,263952403;0
0,265936045;0,00122173
0,267858653;0,002443461
0,269842295;-0,000610865
0,27179542;0,001832596
0,273779063;0
0,275732188;-0,000610865
0,27771583;-0,002443461
0,279668955;0,000610865
0,281652598;0,00122173
0,283636241;0
0,285589366;-0,001832596
0,287573008;0,00122173
0,289587168;0,001832596
0,291540293;-0,000610865
0,293523936;-0,000610865
0,295477061;-0,00122173
0,297460703;0
0,299383311;-0,000610865
0,301397471;-0,000610865
0,303381114;0
0,305334239;-0,00122173
0,307256846;0,000610865
0,309240489;0,001832596
0,311193614;0,000610865
0,313177256;0,00122173
0,315130381;0
0,317114024;-0,002443461
0,319067149;0,00122173
0,321081309;-0,000610865
0,323034434;0,000610865
0,325018076;0,002443461
0,326910166;-0,000610865
0,328924326;0,001832596
0,330877451;0,000610865
0,332861094;0,002443461
0,334783701;0,000610865
0,336797862;-0,001832596
0,338750987;0,002443461
0,340765147;-0,002443461
0,342748789;-0,001832596
0,344732432;-0,002443461
0,346655039;0,001832596
0,348638682;-0,00122173
0,350591807;0,005497787
0,35257545;0,000610865
0,354528575;0
0,356542735;-0,002443461
0,358465342;-0,000610865
0,360448985;-0,003054326
0,362432627;0,00122173
0,36441627;-0,003665192
0,366338877;0,001832596
0,36832252;-0,003054326
0,370275645;0,00122173
0,372259287;0,000610865
0,374212412;0,000610865
0,376196055;0,00122173
0,378118662;0,000610865
0,380102305;-0,001832596
0,38205543;0,000610865
0,384008555;-0,000610865
0,385992198;-0,000610865
0,38797584;0,001832596
0,389928965;0,004276057
0,391912608;0,002443461
0,393865733;-0,001832596
0,395849375;-0,002443461
0,3978025;0,000610865
0,399786143;0,000610865
0,401769785;0,000610865
0,40372291;-0,002443461
0,405645518;0,001832596
0,40762916;0,000610865
0,409582285;0,001832596
0,411596446;-0,000610865
0,413519053;-0,002443461
0,415502696;0,00122173
0,417455821;0,00122173
0,419439463;0,00122173
0,421423106;0,002443461
0,423376231;0,00122173
0,425298838;0
0,427312998;0,00122173
0,429266123;-0,00122173
0,431280283;0,00122173
0,433202891;-0,00122173
0,435217051;-0,001832596
0,437170176;0,000610865
0,439184336;0
0,441167979;-0,000610865
0,443151621;-0,000610865
0,445074229;0
0,447057871;0,001832596
0,449010996;0
0,450994639;0,002443461
0,452917246;-0,00122173
0,454931407;-0,000610865
0,456854014;-0,004276057
0,458868174;0,000610865
0,460821299;-0,001832596
0,462804942;0,000610865
0,464697032;0,002443461
0,466680674;0
0,468603282;0,000610865
0,470617442;-0,000610865
0,472570567;-0,000610865
0,474554209;-0,00122173
0,476476817;0,002443461
0,478490977;-0,00122173
0,480444102;0,00122173
0,482397227;-0,003054326
0,484380869;0,00122173
0,48639503;0
0,488348155;0,003054326
0,490331797;-0,002443461
0,492284922;-0,000610865
0,494268565;0,000610865
0,49622169;-0,001832596
0,498205332;0,000610865
0,500158457;-0,000610865
0,502111582;0,000610865
0,50403419;0,00122173
0,506017832;0,00122173
0,507970957;0
0,5099546;0
0,511907725;-0,000610865
0,513891367;-0,00122173
0,515844492;-0,003054326
0,517828135;0
0,519811778;0,000610865
0,52179542;0,000610865
0,523718028;-0,000610865
0,52570167;0,000610865
0,527654795;0,000610865
0,529638438;-0,000610865
0,531591563;-0,002443461
0,533575205;0,000610865
0,53552833;0,00122173
0,537511973;-0,00122173
0,539495616;-0,000610865
0,541479258;-0,002443461
0,543401866;-0,000610865
0,545416026;-0,000610865
0,547338633;0
0,549322276;-0,000610865
0,551275401;0,002443461
0,553289561;0,000610865
0,555212168;0,001832596
0,557195811;-0,001832596
0,559179453;0,003054326
0,561163096;-0,000610865
0,563055186;0,000610865
0,565069346;0,000610865
0,566991953;0
0,569006114;0,001832596
0,570928721;0
0,572942881;-0,000610865
0,574896006;0,000610865
0,576879649;-0,002443461
0,578832774;-0,001832596
0,580785899;-0,000610865
0,582769541;0,000610865
0,584753184;-0,000610865
0,586706309;0
0,588689951;-0,000610865
0,590643076;0,00122173
0,592626719;-0,00122173
0,594579844;0
0,596563487;0,001832596
0,598547129;0
0,600500254;0
0,602422862;0,000610865
0,604406504;-0,001832596
0,606359629;-0,002443461
0,608343272;-0,000610865
0,610265879;0
0,612280039;0,001832596
0,614202647;0,000610865
0,616216807;0,002443461
0,61820045;0
0,620184092;0,000610865
0,622076182;-0,00122173
0,624059825;0,00122173
0,62601295;0,000610865
0,627996592;0,00122173
0,629949717;-0,000610865
0,63193336;0,002443461
0,633886485;-0,000610865
0,635870127;0,000610865
0,637884287;0,002443461
0,639806895;0,003054326
0,641729502;0,000610865
0,643743662;-0,001832596
0,645696787;0,000610865
0,64768043;0,00122173
0,649603037;0,00122173
0,651617198;0
0,653570323;0,002443461
0,655584483;0
0,657568125;0,00122173
0,659551768;-0,004276057
0,661474375;0,00122173
0,663458018;0,00122173
0,665411143;0,000610865
0,667394785;-0,00122173
0,66934791;-0,000610865
0,671331553;-0,00122173
0,673284678;0,000610865
0,675268321;0
0,677251963;-0,000610865
0,679235606;0,000610865
0,681219248;-0,000610865
0,683233408;0,00122173
0,685156016;-0,001832596
0,687170176;-0,001832596
0,689092783;0,00122173
0,691106944;0
0,693029551;0,000610865
0,695043711;0,00122173
0,696996836;-0,001832596
0,698980479;-0,000610865
0,700903086;-0,00122173
0,702886729;0,000610865
0,704839854;0,001832596
0,706854014;-0,000610865
0,708776621;-0,001832596
0,710760264;0
0,712713389;-0,00122173
0,714697032;-0,003054326
0,716680674;-0,002443461
0,718664317;-0,001832596
0,720556407;0,002443461
0,722570567;0
0,724523692;0,00122173
0,726507334;-0,000610865
0,728460459;0,000610865
0,730444102;0,000610865
0,732397227;0,000610865
0,734411387;-0,000610865
0,73639503;0,001832596
0,738378672;0,000610865
0,74030128;0
0,74231544;-0,003054326
0,744238047;-0,00122173
0,74622169;-0,00122173
0,748174815;0,002443461
0,750188975;0,001832596
0,752111582;-0,00122173
0,754095225;-0,000610865
0,756078867;-0,000610865
0,75806251;0,003665192
0,7599546;0,000610865
0,76196876;0,000610865
0,763921885;0
0,765905528;0,00122173
0,767858653;0,002443461
0,769872813;0,00122173
0,77179542;0,000610865
0,77380958;0,001832596
0,775762705;-0,000610865
0,777746348;-0,002443461
0,779729991;0,000610865
0,781744151;0,00122173
0,783697276;-0,00122173
0,785680918;0
0,787634043;-0,000610865
0,789617686;-0,000610865
0,791570811;0,000610865
0,793554453;0,002443461
0,795538096;-0,00122173
0,797491221;-0,003054326
0,799413828;-0,000610865
0,801397471;-0,00122173
0,803350596;-0,000610865
0,805364756;0,00122173
0,807287364;-0,000610865
0,809301524;-0,001832596
0,811224131;0
0,813238291;-0,000610865
0,815221934;0
0,817205576;-0,000610865
0,819128184;-0,003054326
0,821111826;0,001832596
0,823064951;0,000610865
0,825048594;-0,002443461
0,827001719;0,00122173
0,829015879;0,000610865
0,830938487;-0,001832596
0,832922129;0,00122173
0,834905772;-0,001832596
0,836889414;-0,000610865
0,838781504;-0,002443461
0,840765147;0,001832596
0,842718272;-0,00122173
0,844701914;-0,00122173
0,846655039;-0,000610865
0,848638682;0,00122173
0,850591807;-0,000610865
0,85257545;-0,000610865
0,854559092;0
0,856512217;0
0,858434825;0,001832596
0,860418467;0,000610865
0,862371592;-0,00122173
0,864385752;0,00122173
0,86630836;0
0,86832252;0,00122173
0,870275645;-0,001832596
0,872289805;0
0,87424293;-0,000610865
0,87625709;-0,000610865
0,877233653;-0,001832596
0,879247813;0,001832596
0,88117042;0,001832596
0,88318458;-0,000610865
0,885107188;0
0,887121348;0,003665192
0,889043955;0,002443461
0,891058116;0,004886922
0,893011241;0,004886922
0,894964366;0,005497787
0,896886973;0,004276057
0,898870616;0,003665192
0,900823741;0,003054326
0,902807383;-0,002443461
0,904760508;-0,002443461
0,906744151;-0,004886922
0,908697276;-0,007330383
0,910680918;-0,009773844
0,912664561;-0,008552114
0,914617686;-0,003054326
0,916540293;-0,004886922
0,918554453;-0,00122173
0,920507578;0,00122173
0,922491221;0,003665192
0,924444346;0,004276057
0,926427989;0,000610865
0,928381114;-0,002443461
0,930364756;-0,004886922
0,932348399;-0,007941248
0,934301524;-0,009162978
0,936224131;-0,01282817
0,938238291;-0,015882496
0,940191416;-0,016493361
0,942175059;-0,018325957
0,944097666;-0,015882496
0,946111826;-0,016493361
0,948064951;-0,015882496
0,950079112;-0,015271631
0,952062754;-0,015271631
0,954046397;-0,014049901
0,955969004;-0,01038471
0,957983164;-0,009162978
0,959905772;-0,006108652
0,961889414;-0,003054326
0,963812022;-0,003054326
0,965826182;-0,002443461
0,967748789;-0,002443461
0,96976295;0,000610865
0,971716075;0,00122173
0,973699717;0
0,97568336;0,000610865
0,977667002;-0,002443461
0,97958961;-0,005497787
0,98160377;-0,002443461
0,983556895;-0,006108652
0,985540537;-0,006719518
0,987493662;-0,006108652
0,989477305;-0,006719518
0,99143043;-0,005497787
0,993383555;-0,00122173
0,995306162;-0,003665192
0,997320323;-0,002443461
0,999273448;-0,000610865
1,001287608;-0,000610865
1,003210215;-0,000610865
1,005224375;-0,002443461
1,0071775;-0,005497787
1,00919166;-0,007330383
1,011175303;-0,004886922
1,013158946;-0,006108652
1,015081553;-0,005497787
1,017095713;-0,005497787
1,019018321;-0,006719518
1,021001963;-0,003665192
1,022955088;-0,002443461
1,024969248;-0,003665192
1,026891856;-0,00122173
1,028906016;-0,003665192
1,030889658;-0,00122173
1,032873301;-0,003054326
1,034765391;0
1,036749033;0,00122173
1,038702158;-0,002443461
1,040685801;-0,004886922
1,042638926;-0,001832596
1,044622569;-0,004276057
1,046575694;-0,002443461
1,048559336;-0,004276057
1,050542979;-0,003054326
1,052496104;-0,001832596
1,054418711;0,00122173
1,056432871;0,004276057
1,058385996;0,007941248
1,060369639;0,010995574
1,062292246;0,019547688
1,064306407;0,024434609
1,066259532;0,029321533
1,068273692;0,032986723
1,070226817;0,037873644
1,072240977;0,037262779
1,074224619;0,039095376
1,076208262;0,044593163
1,078161387;0,043982297
1,080175547;0,043371432
1,082098155;0,041538838
1,084081797;0,040317107
1,086034922;0,036651913
1,088049082;0,048258353
1,090002207;0,034208454
1,092016367;0,029932396
1,093938975;0,028099801
1,095922617;0,028099801
1,097875742;0,026267206
1,099859385;0,023823744
1,10181251;0,028710667
1,10382667;0,026267206
1,105749278;0,025656341
1,10773292;0,021380283
1,109716563;0,021380283
1,111700205;0,017715093
1,113592295;0,017715093
1,115606455;0,014660766
1,117529063;0,009162978
1,119543223;0,009162978
1,121496348;0,01038471
1,123479991;0,009162978
1,125433116;0,009162978
1,127416758;0,007941248
1,129400401;0,006108652
1,131353526;0,005497787
1,133276133;0
1,135259776;-0,001832596
1,137212901;-0,003054326
1,139227061;-0,008552114
1,141149668;-0,014660766
1,143163828;-0,019547688
1,145086436;-0,020769419
1,147100596;-0,029932396
1,149053721;-0,033597589
1,151067881;-0,035430185
1,152959971;-0,037262779
1,154974131;-0,040927973
1,156896739;-0,039706241
1,158910899;-0,041538838
1,160833506;-0,036651913
1,162847666;-0,03481932
1,164770274;-0,029932396
1,166784434;-0,028710667
1,168768076;-0,023823744
1,170721201;-0,017104227
1,172704844;-0,006108652
1,174688487;-0,003665192
1,176611094;0,001832596
1,178625254;0,01038471
1,180578379;0,015882496
1,182562022;0,017104227
1,184515147;0,02321288
1,186498789;0,022602014
1,188482432;0,02321288
1,190435557;0,021991149
1,192358164;0,023823744
1,194372325;0,019547688
1,19632545;0,016493361
1,198309092;0,013439035
1,2002317;0,009162978
1,20224586;0,001832596
1,204168467;-0,003054326
1,206182627;-0,007941248
1,20816627;-0,014660766
1,210149912;-0,017715093
1,21207252;-0,02321288
1,214056162;-0,029932396
1,216009287;-0,029932396
1,21799293;-0,032986723
1,219946055;-0,03481932
1,221960215;-0,03481932
1,223882823;-0,031154128
1,225896983;-0,030543262
1,227880625;-0,026267206
1,229864268;-0,020769419
1,231756358;-0,018936822
1,23374;-0,014049901
1,235693125;-0,01038471
1,237707285;-0,005497787
1,239629893;-0,003665192
1,241644053;0,000610865
1,24356666;0,002443461
1,245580821;0,008552114
1,247564463;0,008552114
1,249548106;0,008552114
1,251470713;0,012217305
1,253454356;0,014660766
1,255407481;0,020158553
1,257391123;0,017715093
1,259344248;0,025656341
1,261358408;0,023823744
1,263281016;0,025045475
1,265264658;0,028099801
1,267248301;0,029321533
1,269231944;0,024434609
1,270208506;0,024434609
1,272222666;0,022602014
1,274175791;0,023823744
1,276159434;0,019547688
1,278082041;0,016493361
1,280096201;0,016493361
1,282018809;0,015882496
1,284032969;0,014660766
1,286016612;0,01160644
1,288000254;0,007330383
1,289892344;0,009162978
1,291906504;0,006108652
1,293829112;0,006108652
1,295843272;0,004276057
1,297765879;0,00122173
1,299780039;0,002443461
1,301702647;0
1,303716807;0
1,30570045;0,00122173
1,307653575;-0,001832596
1,309576182;-0,001832596
1,311590342;0,000610865
1,313543467;-0,000610865
1,31552711;0,001832596
1,317449717;-0,00122173
1,319463877;-0,001832596
1,321386485;-0,00122173
1,323400645;-0,001832596
1,325384287;-0,003054326
1,32736793;-0,002443461
1,329290537;-0,00122173
1,33127418;-0,001832596
1,333227305;-0,004276057
1,335210948;-0,006108652
1,337164073;-0,007330383
1,339147715;-0,003665192
1,34110084;-0,004886922
1,343084483;0
1,345068125;-0,00122173
1,347051768;0,00122173
1,348943858;0,002443461
1,350958018;0,003665192
1,352880625;0,004886922
1,354894785;0,003665192
1,356817393;0,007330383
1,358831553;0,008552114
1,36075416;0,009162978
1,362768321;0,005497787
1,364751963;0,005497787
1,366735606;0,002443461
1,368658213;0,0421497
1,370672373;0,090408057
1,372594981;0,105068825
1,374578623;0,127059966
1,376531748;0,140499011
1,378545908;0,148440257
1,380468516;0,148440257
1,382482676;0,140499011
1,384466319;0,132557765
1,386449961;0,114842668
1,388372569;0,08124508
1,390356211;0,066584311
1,392309336;0,032375857
1,394292979;0,004276057
1,396246104;-0,009773844
1,398229746;-0,01282817
1,400182871;0,067806043
1,402166514;0,144164205
1,404150157;0,306043476
1,406133799;0,461814135
1,408025889;0,538783133
1,410040049;0,67561698
1,411962657;0,799011767
1,413976817;0,85765481
1,415929942;0,942565084
1,417913584;0,976162672
1,419866709;0,963945329
1,421850352;0,815505087
1,423833994;0,544280946
1,425817637;0,412944913
1,427709727;0,208305046
1,429723887;0,095294975
1,431646494;0,052534413
1,433691172;-0,02321288
1,43561378;-0,06963864
1,43762794;-0,086742863
1,439581065;-0,110566609
1,441595225;-0,103847094
1,44354835;-0,098960169
1,44556251;-0,099571034
1,447485117;-0,124005646
1,44946876;-0,135612085
1,451421885;-0,145385921
1,453405528;-0,154548913
1,455328135;-0,155770645
1,457342295;-0,147218525
1,459264903;-0,142942473
1,461279063;-0,126449108
1,463262705;-0,091629788
1,465246348;-0,056810468
1,467138438;-0,037873644
1,469152598;0
1,471075205;0,050701816
1,473089366;0,080634214
1,475011973;0,135612085
1,477026133;0,17715092
1,478948741;0,188146502
1,480962901;0,218689755
1,482946543;0,226020142
1,484930186;0,22357668
1,486822276;0,236404851
1,488805918;0,215024561
1,490759043;0,203418121
1,492742686;0,191811681
1,494695811;0,164322749
1,496709971;0,147829384
1,498632578;0,10751228
1,500616221;0,03481932
1,502599864;-0,006108652
1,504583506;-0,071471237
1,506475596;-0,135001212
1,508489756;-0,155770645
1,510412364;-0,195476875
1,512426524;-0,242513508
1,514379649;-0,262672067
1,516393809;-0,273667634
1,518316416;-0,271224171
1,520330576;-0,259006858
1,522314219;-0,256563395
1,524297862;-0,260228604
1,526189951;-0,259006858
1,528173594;-0,251065612
1,530126719;-0,233961388
1,532110362;-0,19853121
1,534032969;-0,180205241
1,536047129;-0,149051115
1,537969737;-0,138055548
1,539983897;-0,132557765
1,541967539;-0,15393804
1,543951182;-0,266337246
1,545873789;-0,383012503
1,547857432;-0,563217759
1,549810557;-0,650571465
1,5517942;-0,688445151
1,553747325;-0,585819781
1,555730967;-0,330478102
1,557684092;-0,228463605
1,559667735;-0,152716309
1,561651377;-0,136833817
1,56363502;-0,125227377
1,56552711;-0,124005646
1,56754127;-0,092240654
1,569494395;-0,06536258
1,571478037;-0,031764992
1,573431162;-0,033597589
1,575445323;-0,037262779
1,57736793;-0,064751714
1,579351573;-0,094684117
1,581335215;-0,10445796
1,583318858;-0,109344877
1,585210948;-0,122173049
1,587225108;-0,137444675
1,589147715;-0,152716309
1,591192393;-0,173485726
1,593115;-0,184481308
1,59512916;-0,189979091
1,597082285;-0,180816114
1,599096446;-0,174707457
1,601049571;-0,142942473
1,603033213;-0,094073251
1,604955821;-0,070249505
1,606939463;-0,009162978
1,608862071;0,065973446
1,610876231;0,108123146
1,612798838;0,179594383
1,614782481;0,209526777
1,616735606;0,204028994
1,618719248;0,188146502
1,620702891;0,17898351
1,622686533;0,171653137
1,624609141;0,167377084
1,626592783;0,141720742
1,628545908;0,125227377
1,630560069;0,095294975
1,632482676;0,047647487
1,634496836;0,02321288
1,636449961;-0,045814894
1,638464121;-0,143553331
1,640417246;-0,196087748
1,642431407;-0,283441484
1,644354014;-0,354912698
1,646337657;-0,380569041
1,648290782;-0,414777488
1,650274424;-0,425773084
1,652197032;-0,425773084
1,654211192;-0,401949346
1,656133799;-0,370184332
1,658147959;-0,361632228
1,660131602;-0,35430184
1,662115244;-0,372627795
1,664068369;-0,393397212
1,66608253;-0,400116742
1,668005137;-0,415999234
1,66998878;-0,415388376
1,671941905;-0,415999234
1,673956065;-0,41050145
1,675878672;-0,402560204
1,677862315;-0,396451533
1,679845957;-0,383623362
1,6818296;-0,364075691
1,68372169;-0,356745303
1,68573585;-0,331699818
1,687658457;-0,308486938
1,689672617;-0,301767439
1,691625742;-0,273667634
1,693609385;-0,247400418
1,69556251;-0,23335053
1,697546153;-0,19853121
1,699529795;-0,162490159
1,701513438;-0,140499011
1,703405528;-0,102014497
1,705419688;-0,064140849
1,707342295;-0,0421497
1,709386973;-0,013439035
1,71130958;0,013439035
1,713323741;0,02687807
1,715246348;0,049480084
1,717260508;0,070249505
1,719244151;0,079412483
1,721227793;0,087964594
1,723150401;0,094073251
1,725134043;0,098349303
1,727087168;0,109344877
1,729070811;0,131336033
1,730993418;0,144775063
1,733007578;0,172263995
1,734930186;0,19853121
1,736944346;0,212581098
1,738897471;0,235793978
1,740911631;0,264504641
1,742834239;0,279165417
1,744817881;0,302989155
1,746771006;0,319482535
1,748754649;0,324980319
1,750707774;0,336586744
1,752691416;0,324980319
1,754644541;0,323758572
1,756628184;0,294437051
1,758611826;0,252287358
1,760595469;0,224187538
1,761572032;0,191811681
1,763555674;0,124616511
1,765508799;0,037262779
1,767522959;-0,007941248
1,769445567;-0,099571034
1,771459727;-0,178372651
1,773412852;-0,222965822
1,775427012;-0,302989155
1,777410655;-0,375682116
1,779394297;-0,411723167
1,781286387;-0,477696627
1,78327003;-0,535117984
1,785223155;-0,561996043
1,787206797;-0,595593631
1,789159922;-0,627358615
1,791174082;-0,634078145
1,79309669;-0,623082578
1,795080332;-0,580321968
1,797063975;-0,540004849
1,799047617;-0,455705464
1,800939707;-0,363464832
1,802953867;-0,306654364
1,804876475;-0,200974673
1,806890635;-0,097738437
1,80884376;-0,054367006
1,810827403;0,008552114
1,81275001;0,049480084
1,81476417;0,0580322
1,816747813;0,051312681
1,818700938;0,03481932
1,820623545;0,025045475
1,822607188;0,021991149
1,824560313;0,070860371
1,826574473;0,103236228
1,82849708;0,163711891
1,830511241;0,209526777
1,832464366;0,226020142
1,834478526;0,224187538
1,836431651;0,186313897
1,838415293;0,161268428
1,840337901;0,094684117
1,842321543;0,021380283
1,844244151;-0,016493361
1,846258311;-0,09285152
1,848180918;-0,181426972
1,850195078;-0,224798411
1,852148203;-0,310319543
1,854162364;-0,383012503
1,856115489;-0,409279704
1,858099131;-0,455705464
1,860052256;-0,474031419
1,862066416;-0,475864023
1,863989024;-0,475253165
1,865972666;-0,467922777
1,867925791;-0,464868456
1,869939951;-0,464257598
1,871862559;-0,449596822
1,873876719;-0,388510287
1,875860362;-0,320093393
1,877813487;-0,135612085
1,879736094;0,003054326
1,881719737;0,048258353
1,883672862;0,066584311
1,885656504;0,029321533
1,887609629;-0,003054326
1,889593272;-0,064751714
1,891546397;-0,110566609
1,893530039;-0,120951317
1,895513682;-0,126449108
1,897497325;-0,105068825
1,899389414;-0,099571034
1,901403575;-0,067806043
1,903326182;-0,042760566
1,905309825;-0,03481932
1,90726295;-0,026267206
1,90927711;-0,036651913
1,911199717;-0,04642576
1,913213877;-0,052534413
1,91519752;-0,047036625
1,917181162;-0,044593163
1,91910377;-0,030543262
1,921087412;-0,009773844
1,923040537;0,012217305
1,925054698;0,063529983
1,926977305;0,11911872
1,928960948;0,154548913
1,930914073;0,241291776
1,932897715;0,342695415
1,934881358;0,395229816
1,936865;0,502131224
1,938787608;0,60597831
1,94077125;0,654236674
1,942724375;0,745866477
1,944738535;0,812450767
1,946661143;0,830776751
1,948675303;0,813061655
1,95059791;0,759305477
1,952612071;0,722653568
1,954565196;0,668286562
1,956579356;0,631023824
1,957555918;0,615752161
1,959570078;0,600480556
1,961523203;0,535728812
1,963506846;0,452651143
1,965429453;0,417831838
1,967443614;0,368962616
1,969366221;0,329256356
1,971380381;0,313373864
1,973333506;0,299323976
1,975317149;0,282830596
1,977239756;0,267558992
1,979223399;0,24495697
1,981176524;0,234572262
1,983190684;0,230296195
1,985113291;0,194255143
1,987127451;0,162490159
1,989050059;0,145385921
1,991064219;0,115453534
1,993017344;0,10445796
1,995031504;0,103847094
1,996954112;0,120340452
1,998937754;0,115453534
2,000890879;0,117286131
2,002874522;0,13072516
2,004797129;0,147218525
2,006811289;0,1423316
2,008733897;0,133168623
2,010748057;0,120951317
2,0127317;0,111177474
2,014715342;0,091629788
2,01663795;0,069027774
2,018621592;0,049480084
2,020574717;0,02321288
2,02255836;0,013439035
2,024511485;-0,000610865
2,026495127;-0,021380283
2,028448252;-0,018325957
2,030431895;-0,028710667
2,032415537;-0,042760566
2,034368662;-0,051312681
2,03629127;-0,050701816
2,03830543;-0,071471237
2,040228037;-0,06963864
2,04221168;-0,07696902
2,044164805;-0,086131997
2,046148448;-0,092240654
2,048101573;-0,112399206
2,050085215;-0,144164205
2,052099375;-0,202807263
2,0540525;-0,233961388
2,05505958;-0,26145032
2,057043223;-0,334143281
2,059026866;-0,396451533
2,061010508;-0,419664413
2,062963633;-0,461814135
2,064977793;-0,519235432
2,066900401;-0,535117984
2,068914561;-0,539394021
2,070898203;-0,568104684
2,072881846;-0,581543684
2,074773936;-0,604756594
2,076757578;-0,588263214
2,078680186;-0,55955255
2,080694346;-0,481972665
2,082647471;-0,366519153
2,084631114;-0,310930401
2,086553721;-0,209526777
2,088567881;-0,140499011
2,090551524;-0,10751228
2,092504649;-0,063529983
2,094427256;-0,039706241
2,096441416;-0,026267206
2,098394541;-0,010995574
2,100378184;-0,007330383
2,102300791;-0,007330383
2,104314951;-0,015882496
2,106268076;-0,031154128
2,108282237;-0,032986723
2,110235362;-0,047647487
2,112249522;-0,066584311
2,114172129;-0,064751714
2,116155772;-0,050701816
2,118108897;-0,043371432
2,120092539;-0,040927973
2,122045664;-0,032986723
2,124029307;0,03848451
2,125982432;0,073303826
2,127966075;0,084910266
2,129949717;0,047036625
2,13193336;0,022602014
2,13382545;-0,040927973
2,13583961;-0,099571034
2,137762217;-0,125838235
2,139776377;-0,179594383
2,141698985;-0,230907068
2,143713145;-0,249843881
2,145635752;-0,275500238
2,147649912;-0,306654364
2,149633555;-0,333532423
2,15158668;-0,349414915
2,153570323;-0,357967019
2,155553965;-0,319482535
2,15750709;-0,282219738
2,15952125;-0,160657555
2,161474375;0,029932396
2,163488535;0,128892571
2,165411143;0,303600013
2,167394785;0,449596822
2,169378428;0,507018149
2,171362071;0,594982743
2,17325416;0,640186787
2,175268321;0,641408503
2,177190928;0,583987176
2,179205088;0,456316352
2,181188731;0,378736466
2,183172373;0,232739657
2,185125498;0,186313897
2,187109141;0,211359382
2,189092783;0,289550126
2,191045908;0,308486938
2,192968516;0,298713118
2,194952158;0,279165417
2,196905283;0,260228604
2,198888926;0,249233022
2,200842051;0,221133217
2,202856211;0,208915919
2,204809336;0,192422554
2,206792979;0,134390354
2,208776621;0,071471237
2,210729746;0,03481932
2,212652354;-0,018325957
2,214635996;-0,077579886
2,216589121;-0,10751228
2,218572764;-0,167987943
2,220525889;-0,209526777
2,222540049;-0,229074463
2,224462657;-0,230296195
2,226476817;-0,236404851
2,228460459;-0,234572262
2,230413584;-0,181426972
2,232336192;-0,127670839
2,234319834;-0,087353729
2,236272959;-0,02321288
2,238256602;0,058643065
2,240209727;0,096516706
2,242223887;0,169209674
2,244146494;0,222965822
2,246160655;0,23518312
2,248144297;0,23518312
2,250097422;0,232128799
2,252081065;0,222965822
2,254064707;0,168598801
2,256017832;0,092240654
2,258001475;0,042760566
2,2599546;-0,08124508
2,26196876;-0,208915919
2,263891367;-0,282219738
2,265905528;-0,414777488
2,26788917;-0,540004849
2,269842295;-0,644462824
2,271764903;-0,679893017
2,273748545;-0,736703515
2,27570167;-0,758694649
2,277685313;-0,78496182
2,279638438;-0,766025007
2,28162208;-0,649349749
2,283544688;-0,584598064
2,285558848;-0,391564608
2,287542491;-0,148440257
2,289526133;-0,007941248
2,291448741;0,30787608
2,293462901;0,508239865
2,295385508;0,5497787
2,297369151;0,549167871
2,299322276;0,471587956
2,301305918;0,414166629
2,303259043;0,324369431
2,305242686;0,534507096
2,307226328;0,75502944
2,309179453;1,078788042
2,311102061;1,080009699
2,313085703;0,973108351
2,315038828;0,76480329
2,317022471;0,695775509
2,318945078;0,694553792
2,320959239;0,68539083
2,322881846;0,59925878
2,324896006;0,552222192
2,326879649;0,466701061
2,328863291;0,373849541
2,330785899;0,304821759
2,332800059;0,16554448
2,334722666;0,034208454
2,336706309;-0,047647487
2,338659434;-0,202196389
2,340673594;-0,317039073
2,342596201;-0,364686549
2,344579844;-0,484416127
2,346563487;-0,57299161
2,348547129;-0,588874102
2,350530772;-0,642630219
2,352544932;-0,642019391
2,354498057;-0,626747727
2,356512217;-0,583987176
2,358434825;-0,550389588
2,360448985;-0,514348507
2,362371592;-0,453872889
2,364385752;-0,416610092
2,366369395;-0,376903862
2,36832252;-0,30787608
2,370275645;-0,247400418
2,372259287;-0,229685336
2,374212412;-0,197309479
2,376196055;-0,158824965
2,37814918;-0,155159771
2,380132823;-0,155770645
2,382085948;-0,164322749
2,38406959;-0,175318331
2,386053233;-0,203418121
2,388006358;-0,218689755
2,389928965;-0,218078896
2,391912608;-0,218689755
2,393865733;-0,229074463
2,395849375;-0,226631001
2,3978025;-0,202196389
2,399786143;-0,201585531
2,401739268;-0,199752942
2,40372291;-0,199752942
2,405706553;-0,185703039
2,407690196;-0,174707457
2,409582285;-0,160657555
2,411565928;-0,147218525
2,413488535;-0,135001212
2,415502696;-0,125838235
2,417455821;-0,132557765
2,419469981;-0,154548913
2,421392588;-0,196698606
2,423376231;-0,259617716
2,425359873;-0,295047909
2,427343516;-0,37079519
2,429235606;-0,425162196
2,431249766;-0,446542501
2,433172373;-0,478307486
2,435217051;-0,527176678
2,437139658;-0,565661192
2,439153819;-0,643851995
2,441076426;-0,726318777
2,443090586;-0,819781184
2,445043711;-0,869872093
2,447057871;-0,968221426
2,449010996;-1,069014192
2,451025157;-1,106887817
2,452947764;-1,146594048
2,454931407;-1,106887817
2,456884532;-0,99998641
2,458868174;-0,524733245
2,460821299;-0,022602014
2,462804942;0,171653137
2,464788584;0,416610092
2,466741709;0,466090173
2,468664317;0,417831838
2,470678477;0,265726388
2,472601084;0,097738437
2,474584727;0,015271631
2,476537852;-0,142942473
2,478552012;-0,248622149
2,480474619;-0,27488935
2,482458262;-0,237626582
2,484441905;-0,0842994
2,486425547;-0,001832596
2,488317637;0,154548913
2,490331797;0,252898216
2,492254405;0,269391567
2,494268565;0,249843881
2,49622169;0,180205241
2,498205332;0,155770645
2,50012794;0,09285152
2,5021421;0,040927973
2,504125742;0,015271631
2,506078867;-0,042760566
2,508001475;-0,091018923
2,509985117;-0,11178834
2,511938242;-0,145996794
2,513921885;-0,166766211
2,51587501;-0,172263995
2,517858653;-0,144164205
2,519811778;-0,079412483
2,52179542;-0,04642576
2,523779063;0,025656341
2,525762705;0,07696902
2,527654795;0,092240654
2,529668955;0,106290549
2,531591563;0,093462385
2,533605723;0,081855945
2,535558848;0,064140849
2,537573008;0,048258353
2,539495616;0,042760566
2,541479258;0,025656341
2,543462901;0,012217305
2,545446543;0,007941248
2,547430186;-0,01038471
2,549444346;-0,024434609
2,551366953;-0,025045475
2,553381114;-0,025656341
2,555334239;-0,020769419
2,557348399;-0,015882496
2,559271006;-0,007330383
2,561254649;-0,006108652
2,563238291;-0,001832596
2,565221934;0,002443461
2,567144541;0,009162978
2,569128184;0,010995574
2,571081309;0,014049901
2,573064951;0,018936822
2,575018076;0,019547688
2,577032237;0,018325957
2,578954844;0,017715093
2,580969004;0,008552114
2,582922129;-0,003054326
2,584905772;-0,022602014
2,586828379;-0,032375857
2,588812022;-0,048869219
2,590765147;-0,057421334
2,592748789;-0,065973446
2,594701914;-0,065973446
2,596716075;-0,067806043
2,598638682;-0,057421334
2,600652842;-0,056199603
2,602605967;-0,043982297
2,604559092;-0,031154128
2,6064817;-0,021991149
2,608465342;-0,006719518
2,610418467;-0,000610865
2,61240211;0,00122173
2,614355235;-0,013439035
2,616369395;-0,033597589
2,618292002;-0,044593163
2,620306162;-0,064140849
2,622259287;-0,069027774
2,624212412;-0,069027774
2,62613502;-0,03481932
2,628118662;0,020158553
2,630071787;0,062308256
2,63205543;0,196698606
2,634008555;0,368351758
2,636022715;0,468533635
2,637945323;0,645073712
2,639959483;0,845437527
2,641912608;0,940121591
2,64389625;1,104444385
2,645818858;1,230893493
2,6478025;1,287093043
2,649755625;1,369559884
2,651739268;1,370170712
2,653692393;1,29808867
2,655706553;0,998764694
2,65762916;0,759305477
2,659612803;0,678060412
2,661596446;0,511905074
2,663580088;0,426383942
2,665502696;0,401338458
2,667486338;0,318871647
2,669439463;0,275500238
2,671423106;0,273667634
2,673376231;0,262672067
2,675359873;0,255952537
2,677312998;0,259006858
2,679296641;0,220522359
2,681280283;0,163711891
2,683263926;0,13072516
2,685156016;0,06536258
2,687170176;-0,051923547
2,689092783;-0,119729586
2,691137461;-0,257785141
2,693060069;-0,399505883
2,695043711;-0,460592389
2,696996836;-0,573602438
2,698980479;-0,643851995
2,700964121;-0,670730054
2,702947764;-0,687223375
2,704839854;-0,689055979
2,706854014;-0,670730054
2,708776621;-0,598647952
2,710760264;-0,560774267
2,712713389;-0,540615737
2,714727549;-0,489303052
2,716650157;-0,431881726
2,718664317;-0,395229816
2,720647959;-0,332921565
2,722601084;-0,288328409
2,724523692;-0,275500238
2,726507334;-0,266337246
2,728460459;-0,271224171
2,730444102;-0,277332813
2,732397227;-0,30115658
2,734380869;-0,325591177
2,736303477;-0,33780849
2,738317637;-0,36102137
2,74030128;-0,390953749
2,742254405;-0,409279704
2,744238047;-0,42394048
2,74622169;-0,426383942
2,748174815;-0,414777488
2,750158457;-0,38728857
2,752111582;-0,337197602
2,754125742;-0,301767439
2,75604835;-0,232739657
2,75806251;-0,142942473
2,760015635;-0,102014497
2,762029795;-0,026267206
2,763921885;0,042760566
2,765905528;0,077579886
2,767858653;0,128892571
2,769842295;0,172874868
2,77179542;0,180816114
2,77380958;0,2003638
2,775732188;0,215635434
2,777746348;0,21197024
2,779729991;0,21197024
2,781713633;0,218078896
2,783605723;0,22174409
2,785589366;0,232739657
2,787511973;0,240070045
2,789526133;0,250454754
2,791479258;0,251065612
2,793462901;0,252898216
2,795416026;0,255341679
2,797399668;0,243735239
2,799383311;0,228463605
2,801336436;0,216246292
2,803259043;0,190589949
2,805273203;0,13072516
2,807195811;0,108734012
2,809179453;0,064140849
2,811132578;0,024434609
2,813146739;0,014660766
2,815069346;0,020769419
2,817083506;0,064751714
2,819067149;0,086742863
2,821050791;0,096516706
2,822973399;0,105679691
2,824957041;0,122783914
2,826910166;0,13072516
2,828893809;0,125227377
2,830846934;0,065973446
2,832861094;0,028710667
2,834814219;-0,051923547
2,836797862;-0,146607652
2,838812022;-0,18875736
2,840795664;-0,259617716
2,842687754;-0,33108896
2,844671397;-0,356134444
2,846624522;-0,395840675
2,848638682;-0,411723167
2,850561289;-0,407447129
2,85257545;-0,385455966
2,854498057;-0,367130011
2,856512217;-0,359799623
2,85849586;-0,350025773
2,860479502;-0,348804057
2,86240211;-0,346360594
2,86441627;-0,345749736
2,866338877;-0,334754169
2,868353037;-0,327423781
2,870306162;-0,301767439
2,872320323;-0,272445887
2,87424293;-0,257785141
2,876226573;-0,215635434
2,878210215;-0,168598801
2,880193858;-0,149661988
2,882116465;-0,109344877
2,884100108;-0,056810468
2,886053233;-0,036041051
2,888036875;0,015271631
2,88999;0,05375614
2,89200416;0,068416908
2,893926768;0,100792766
2,895940928;0,128892571
2,897894053;0,144164205
2,899847178;0,164933622
2,901769785;0,17715092
2,903753428;0,175929189
2,905706553;0,167377084
2,907690196;0,149661988
2,909643321;0,131946892
2,911626963;0,10445796
2,913580088;0,074525557
2,915563731;0,06169739
2,917547373;0,031154128
2,919500498;-0,013439035
2,921423106;-0,032986723
2,923437266;-0,073914692
2,925390391;-0,115453534
2,927374033;-0,136833817
2,929327158;-0,186313897
2,931310801;-0,231517926
2,933263926;-0,251065612
2,935278086;-0,296269655
2,937231211;-0,340251952
2,939214854;-0,354912698
2,941106944;-0,383012503
2,943090586;-0,398284137
2,945013194;-0,400116742
2,947027354;-0,394618958
2,948980479;-0,379958183
2,950994639;-0,369573474
2,952917246;-0,348193198
2,954931407;-0,323758572
2,956884532;-0,305432618
2,958868174;-0,276111096
2,960760264;-0,243735239
2,962743907;-0,230907068
2,964697032;-0,201585531
2,966680674;-0,180205241
2,968633799;-0,16554448
2,970617442;-0,138055548
2,972570567;-0,116064399
2,974554209;-0,105679691
2,976537852;-0,08124508
2,978521494;-0,060475659
2,980413584;-0,052534413
2,982427744;-0,030543262
2,984350352;-0,015882496
2,986364512;-0,005497787
2,988317637;0,00122173
2,99030128;0,009162978
2,992254405;0,017104227
2,994238047;0,034208454
2,99622169;0,047647487
2,998205332;0,058643065
3,000097422;0,066584311
3,002111582;0,08124508
3,00403419;0,086742863
3,00604835;0,093462385
3,008031992;0,100792766
3,010015635;0,106290549
3,01196876;0,110566609
3,013952403;0,110566609
3,015966563;0,105679691
3,017950205;0,094073251
3,019842295;0,043982297
3,021856455;-0,014049901
3,023779063;-0,048869219
3,025793223;-0,091629788
3,02771583;-0,131946892
3,029729991;-0,154548913
3,031652598;-0,17898351
3,033666758;-0,199142069
3,035650401;-0,213191971
3,037634043;-0,263282925
3,039526133;-0,322536856
3,041540293;-0,351858377
3,043462901;-0,403781921
3,045477061;-0,452651143
3,047399668;-0,478918344
3,049413828;-0,522900641
3,051336436;-0,558941722
3,053350596;-0,56627208
3,055334239;-0,561996043
3,057317881;-0,522900641
3,059240489;-0,458148926
3,061254649;-0,258396
3,063177256;-0,02321288
3,065160899;0,080634214
3,067114024;0,193033412
3,069128184;0,192422554
3,071050791;0,155159771
3,073064951;0,075136423
3,075018076;-0,014049901
3,077001719;-0,048869219
3,078893809;-0,105679691
3,080907969;-0,11911872
3,082830576;-0,10751228
3,084844737;-0,074525557
3,086797862;-0,028710667
3,088781504;-0,009773844
3,090734629;0,025045475
3,092718272;0,03481932
3,094671397;0,036651913
3,096624522;0,025656341
3,098547129;0,01160644
3,100530772;-0,000610865
3,102483897;-0,01038471
3,104467539;-0,019547688
3,106420664;-0,020158553
3,108404307;-0,018325957
3,110357432;-0,013439035
3,112341075;-0,009162978
3,114324717;-0,000610865
3,116277842;0,091629788
3,11820045;0,110566609
3,12021461;0,137444675
3,122137217;0,141109869
3,12412086;0,137444675
3,126073985;0,128281698
3,128057627;0,112399206
3,130010752;0,106901415
3,131994395;0,120340452
3,133978037;0,152716309
3,13596168;0,168598801
3,136938242;0,17715092
3,138952403;0,189979091
3,14087501;0,163711891
3,142858653;0,148440257
3,144811778;0,132557765
3,14679542;0,135612085
3,148748545;0,139888138
3,150732188;0,156992361
3,15271583;0,167987943
3,154699473;0,170431405
3,156591563;0,17715092
3,158575205;0,186313897
3,16052833;0,190589949
3,162511973;0,190589949
3,164465098;0,18692477
3,166448741;0,185703039
3,168401866;0,169209674
3,170385508;0,151494578
3,172369151;0,141109869
3,174322276;0,117896989
3,176244883;0,087964594
3,178259043;0,06963864
3,180212168;0,032375857
3,182195811;-0,009773844
3,184148936;-0,029932396
3,186163096;-0,077579886
3,188085703;-0,128281698
3,190069346;-0,156381503
3,192052989;-0,215024561
3,194036631;-0,265115529
3,195959239;-0,287717521
3,197942881;-0,328034639
3,199896006;-0,362853944
3,201879649;-0,379958183
3,203802256;-0,395229816
3,205816416;-0,400116742
3,207739024;-0,398284137
3,209722666;-0,379347324
3,211706309;-0,34758231
3,213689951;-0,326202035
3,215582041;-0,280387133
3,217596201;-0,215635434
3,219549326;-0,175929189
3,221532969;-0,085521132
3,223486094;0,006719518
3,225500254;0,049480084
3,227422862;0,105679691
3,229437022;0,127059966
3,231420664;0,131946892
3,233373789;0,136222944
3,235296397;0,139277279
3,237280039;0,132557765
3,239233164;0,125838235
3,241216807;0,116675265
3,243169932;0,112399206
3,245153575;0,103236228
3,2471067;0,096516706
3,249090342;0,09285152
3,251073985;0,080634214
3,253057627;0,080634214
3,254949717;0,093462385
3,256963877;0,13072516
3,258886485;0,171042264
3,260900645;0,187535629
3,262823252;0,194866017
3,264837412;0,18875736
3,26676002;0,179594383
3,26877418;0,157603234
3,270757823;0,129503429
3,272710948;0,119729586
3,274633555;0,098349303
3,276617198;0,065973446
3,278570323;0,045814894
3,280553965;-0,001832596
3,282476573;-0,054367006
3,284490733;-0,086742863
3,28641334;-0,152105451
3,2884275;-0,216857165
3,290411143;-0,248622149
3,292364268;-0,301767439
3,294286875;-0,352469236
3,296270518;-0,372016937
3,298223643;-0,409890592
3,300207285;-0,430660009
3,30216041;-0,436768651
3,304144053;-0,436157793
3,306097178;-0,414777488
3,308080821;-0,399505883
3,310064463;-0,282219738
3,312017588;-0,116064399
3,313940196;-0,02687807
3,315954356;0,115453534
3,317907481;0,203418121
3,319891123;0,213191971
3,321844248;0,202807263
3,323827891;0,167987943
3,325781016;0,149051115
3,327764658;0,112399206
3,329748301;0,072082102
3,331731944;0,032986723
3,333654551;0,01282817
3,335638194;-0,026267206
3,337591319;-0,055588737
3,339574961;-0,070860371
3,341528086;-0,09285152
3,343511729;-0,117896989
3,345464854;-0,124616511
3,347448496;-0,136833817
3,349432139;-0,151494578
3,351415782;-0,15393804
3,353307871;-0,162490159
3,355322032;-0,167987943
3,357275157;-0,171042264
3,359258799;-0,161268428
3,361211924;-0,135612085
3,363195567;-0,120340452
3,365148692;-0,072692961
3,367132334;-0,021991149
3,369115977;-0,004886922
3,371099619;0,030543262
3,372991709;0,037262779
3,375005869;0,037873644
3,376958994;0,037873644
3,378942637;0,030543262
3,380895762;0,025656341
3,382879405;0,017104227
3,38483253;0,005497787
3,386816172;0
3,388799815;-0,007330383
3,390783457;-0,020769419
3,392675547;-0,018936822
3,394689707;-0,032375857
3,396612315;-0,029321533
3,398595957;-0,034208454
3,400549082;-0,028710667
3,402563242;-0,025045475
3,40448585;-0,023823744
3,40650001;-0,013439035
3,408483653;-0,002443461
3,410467295;0,005497787
3,412389903;0,028710667
3,414373545;0,049480084
3,41632667;0,054367006
3,418310313;0,07696902
3,42023292;0,102014497
3,42224708;0,10445796
3,424169688;0,13072516
3,426183848;0,150883719
3,428167491;0,158824965
3,430151133;0,189979091
3,432073741;0,202807263
3,434087901;0,204028994
3,436010508;0,21197024
3,438055186;0,215635434
3,439977793;0,225409269
3,441991953;0,229074463
3,443914561;0,254730821
3,445928721;0,264504641
3,447912364;0,29138273
3,449896006;0,321925998
3,451818614;0,349414915
3,453802256;0,397673279
3,455755381;0,491746515
3,457739024;0,646906316
3,459661631;0,910189211
3,461675791;0,9767735
3,463598399;1,048855662
3,465612559;1,047633886
3,467565684;0,739757836
3,469579844;0,528398454
3,471502451;0,059864793
3,473486094;-0,382401645
3,475439219;-0,594371855
3,477422862;-0,95356065
3,479345469;-1,078177214
3,481359629;-1,07939887
3,483282237;-1,042747021
3,485296397;-1,017090678
3,487280039;-0,987769127
3,489233164;-0,966388822
3,491155772;-0,93706727
3,493139414;-0,914465249
3,495092539;-0,868039489
3,497076182;-0,808174729
3,499029307;-0,770301104
3,50101295;-0,670119166
3,502966075;-0,518013716
3,504949717;-0,273667634
3,50693336;-0,131946892
3,508917002;0,103847094
3,510809092;0,17715092
3,512823252;0,252287358
3,51474586;0,249843881
3,516790537;0,216246292
3,518713145;0,205250725
3,520727305;0,166155353
3,522649912;0,117896989
3,524664073;0,089797191
3,526647715;0,057421334
3,528631358;0,05009095
3,530615;0,06169739
3,532598643;0,185092166
3,534551768;0,415999234
3,53653541;0,553443909
3,538488535;0,838107109
3,540502696;1,054964304
3,542425303;1,129489779
3,544439463;1,1954633
3,546423106;1,144150615
3,548376231;1,083064079
3,550298838;0,896139324
3,552282481;0,552222192
3,554235606;0,36102137
3,556219248;0,006719518
3,558172373;-0,266948104
3,560186533;-0,36102137
3,562109141;-0,469144523
3,564092783;-0,493579119
3,566076426;-0,481361806
3,568060069;-0,446542501
3,569952158;-0,432492584
3,571935801;-0,429438263
3,573888926;-0,430660009
3,575872569;-0,418442696
3,577825694;-0,414166629
3,579839854;-0,394618958
3,581762461;-0,357967019
3,583776621;-0,343306273
3,585760264;-0,300545692
3,587743907;-0,245567828
3,589666514;-0,213802829
3,591650157;-0,131946892
3,593603282;-0,030543262
3,595586924;0,028710667
3,597570567;0,147218525
3,599554209;0,266948104
3,601507334;0,334143281
3,603490977;0,444099039
3,605505137;0,538783133
3,607458262;0,628580332
3,609380869;0,66889745
3,61139503;0,691499472
3,613348155;0,68233645
3,615331797;0,574213326
3,617254405;0,446542501
3,619268565;0,341473669
3,621191172;0,299323976
3,623205332;0,252287358
3,625188975;0,202196389
3,627172617;0,172263995
3,62915626;0,127059966
3,631139903;0,063529983
3,633093028;0,02687807
3,63507667;-0,082466811
3,637029795;-0,199752942
3,639043955;-0,246178687
3,640966563;-0,357967019
3,642980723;-0,485027015
3,644964366;-0,535728812
3,646948008;-0,616973877
3,648840098;-0,697608113
3,650823741;-0,718377531
3,652776866;-0,712268889
3,654760508;-0,681114733
3,656713633;-0,660956204
3,658697276;-0,620639086
3,660619883;-0,586430609
3,662634043;-0,565661192
3,664617686;-0,529620171
3,666601328;-0,475864023
3,668493418;-0,451429427
3,670507578;-0,375071257
3,672430186;-0,28160888
3,674413828;-0,229685336
3,676366953;-0,106290549
3,678381114;0,01038471
3,680303721;0,073303826
3,682317881;0,191811681
3,684301524;0,291993588
3,686285166;0,335365027
3,688207774;0,415388376
3,690191416;0,469755381
3,692144541;0,483805269
3,694128184;0,507018149
3,696081309;0,489303052
3,698095469;0,457538068
3,700018076;0,351858377
3,702032237;0,227241874
3,704015879;0,162490159
3,705969004;0,05009095
3,707891612;-0,03848451
3,709875254;-0,066584311
3,711828379;-0,116675265
3,713812022;-0,145996794
3,715765147;-0,15393804
3,717748789;-0,145996794
3,719701914;-0,11911872
3,721685557;-0,103847094
3,7236692;-0,08124508
3,725652842;-0,048869219
3,727636485;-0,043982297
3,729620127;-0,021991149
3,731573252;0,005497787
3,733556895;0,017104227
3,735479502;0,0421497
3,737493662;0,058643065
3,73941627;0,059864793
3,74143043;0,032375857
3,743383555;0,009162978
3,745367198;0,004276057
3,747259287;-0,01282817
3,749273448;-0,032986723
3,751196055;-0,03481932
3,753179698;-0,043371432
3,755132823;-0,049480084
3,757146983;-0,051312681
3,75906959;-0,06963864
3,76108375;-0,117286131
3,763067393;-0,159435824
3,765020518;-0,175929189
3,766943125;-0,195476875
3,768926768;-0,197309479
3,770879893;-0,202196389
3,772863535;-0,180205241
3,77481666;-0,161268428
3,776830821;-0,116675265
3,778753428;-0,072082102
3,780767588;-0,027488936
3,782751231;-0,004886922
3,784704356;0,029932396
3,786626963;0,048869219
3,788610606;0,049480084
3,790563731;0,059253927
3,792547373;0,056810468
3,794500498;0,043982297
3,796514658;-0,00122173
3,798437266;-0,064140849
3,800451426;-0,097127572
3,802435069;-0,130114302
3,804388194;-0,143553331
3,806280283;-0,152105451
3,808294444;-0,218078896
3,810247569;-0,332921565
3,812231211;-0,381790787
3,814184336;-0,439822972
3,816167979;-0,409890592
3,818121104;-0,363464832
3,820104746;-0,233961388
3,822088389;-0,085521132
3,824072032;-0,018325957
3,826025157;0,083077677
3,828039317;0,151494578
3,829961924;0,164933622
3,831945567;0,175929189
3,833898692;0,163101017
3,835912852;0,142942473
3,837835459;0,083077677
3,839819102;-0,00122173
3,841802744;-0,057421334
3,843786387;-0,156992361
3,845678477;-0,238237441
3,847692637;-0,271835029
3,849615244;-0,321925998
3,851659922;-0,373849541
3,85358253;-0,396451533
3,85559669;-0,445320755
3,857519297;-0,494189978
3,859533457;-0,519235432
3,8615171;-0,557719946
3,863470225;-0,595593631
3,865392832;-0,598647952
3,867376475;-0,601091385
3,8693296;-0,579100251
3,87134376;-0,558330834
3,873266367;-0,503963828
3,875280528;-0,430660009
3,877203135;-0,392175496
3,879217295;-0,306654364
3,881200938;-0,224187538
3,88318458;-0,18692477
3,885137705;-0,111177474
3,887121348;-0,045814894
3,889074473;-0,01160644
3,891058116;0,049480084
3,893011241;0,111177474
3,894994883;0,140499011
3,896917491;0,211359382
3,898931651;0,312763005
3,900884776;0,357356161
3,902837901;0,409279704
3,904760508;0,431881726
3,906744151;0,442877293
3,908697276;0,455094606
3,910711436;0,449596822
3,912634043;0,432492584
3,914617686;0,405614525
3,916570811;0,637132466
3,918584971;0,868650377
3,920538096;1,254717231
3,922521739;1,345125318
3,924474864;1,276708364
3,926489024;1,009760261
3,928411631;0,927904308
3,930395274;0,924849987
3,932348399;0,859487414
3,934332041;0,649960637
3,936285166;0,384845108
3,938268809;0,277943701
3,940252451;0,139277279
3,942236094;0,010995574
3,944158701;-0,074525557
3,946172862;-0,25167647
3,948125987;-0,381179899
3,950140147;-0,43371433
3,952062754;-0,537561417
3,954076914;-0,640797615
3,955999522;-0,696386397
3,958013682;-0,770911932
3,959997325;-0,804509521
3,961980967;-0,810618162
3,963903575;-0,830165863
3,965887217;-0,799622595
3,967840342;-0,759305477
3,969823985;-0,642630219
3,97177711;-0,487470478
3,973760752;-0,419664413
3,975713877;-0,335365027
3,97769752;-0,317039073
3,979650645;-0,326202035
3,98160377;-0,370184332
3,983526377;-0,401338458
3,985540537;-0,411112309
3,987493662;-0,408668846
3,989477305;-0,38728857
3,99143043;-0,373238653
3,993414073;-0,322536856
3,995367198;-0,278554559
3,99735084;-0,257174253
3,999303965;-0,209526777
4,00125709;-0,160657555
4,003179698;-0,133779496
4,00516334;-0,083688542
4,007116465;-0,031764992
4,009100108;-0,006108652
4,011053233;0,039706241
4,013067393;0,067806043
4,01499;0,074525557
4,01700416;0,075136423
4,018987803;0,071471237
4,020971446;0,070860371
4,022894053;0,066584311
4,024877696;0,06536258
4,026830821;0,066584311
4,028814463;0,085521132
4,030737071;0,116675265
4,032751231;0,143553331
4,034673838;0,199752942
4,036687998;0,254119933
4,038671641;0,283441484
4,040655283;0,326202035
4,042577891;0,360410482
4,044561533;0,376903862
4,046514658;0,415999234
4,048498301;0,464868456
4,050420908;0,488692194
4,052435069;0,524733245
4,054357676;0,54305923
4,056371836;0,5363397
4,058355479;0,49663344
4,060339121;0,415999234
4,062261729;0,359188765
4,064275889;0,227852732
4,066198496;0,091018923
4,068212657;0,018936822
4,070165782;-0,117286131
4,072149424;-0,232128799
4,074102549;-0,276721954
4,076086192;-0,335975885
4,078069834;-0,346360594
4,080053477;-0,334143281
4,081976084;-0,299934834
4,083990244;-0,260839462
4,085912852;-0,240680903
4,087927012;-0,197309479
4,089880137;-0,143553331
4,091894297;-0,086742863
4,093816905;-0,067195177
4,095800547;-0,040927973
4,09778419;-0,028099801
4,099767832;-0,023823744
4,10169044;-0,024434609
4,1037046;-0,02687807
4,105627207;-0,036651913
4,107641367;-0,051312681
4,109594492;-0,075747289
4,111608653;-0,095294975
4,11353126;-0,133168623
4,11554542;-0,185092166
4,117529063;-0,219911486
4,119512705;-0,276721954
4,121435313;-0,32131511
4,123418955;-0,342695415
4,12537208;-0,378736466
4,127355723;-0,392175496
4,12927833;-0,392175496
4,131292491;-0,381179899
4,133215098;-0,365908295
4,135229258;-0,34452799
4,137212901;-0,301767439
4,139196543;-0,246178687
4,141119151;-0,22174409
4,143133311;-0,162490159
4,145055918;-0,09285152
4,147070078;-0,062919118
4,149023203;0,003054326
4,151006846;0,06169739
4,152959971;0,089186326
4,154943614;0,139888138
4,156927256;0,188146502
4,158910899;0,210748509
4,160833506;0,252898216
4,162847666;0,284052342
4,164770274;0,29810223
4,166784434;0,322536856
4,168737559;0,342695415
4,170721201;0,350636661
4,172674326;0,365908295
4,174657969;0,375682116
4,176641612;0,376293004
4,178625254;0,384845108
4,180547862;0,383623362
4,182562022;0,381179899
4,184484629;0,375071257
4,186498789;0,370184332
4,188451914;0,36774087
4,190435557;0,348804057
4,192388682;0,308486938
4,194372325;0,274278492
4,196355967;0,190589949
4,19833961;0,083077677
4,200262217;0,021380283
4,202276377;-0,097738437
4,204198985;-0,218689755
4,206213145;-0,325591177
4,20816627;-0,356745303
4,210149912;-0,403781921
4,212103037;-0,433103472
4,21408668;-0,445931643
4,216070323;-0,460592389
4,218053965;-0,471587956
4,219946055;-0,476474881
4,221929698;-0,475253165
4,223882823;-0,468533635
4,225866465;-0,463035852
4,22781959;-0,44043383
4,229803233;-0,409890592
4,231756358;-0,387899429
4,23374;-0,330478102
4,235723643;-0,265115529
4,237707285;-0,232128799
4,239629893;-0,158824965
4,241613535;-0,085521132
4,243536143;-0,045204028
4,245519785;0,024434609
4,247442393;0,091629788
4,249456553;0,12339478
4,251409678;0,179594383
4,253423838;0,225409269
4,255407481;0,248011291
4,257391123;0,273667634
4,259313731;0,288939267
4,261297373;0,296269655
4,263250498;0,302989155
4,265234141;0,288328409
4,267187266;0,282219738
4,269170908;0,254730821
4,271124033;0,227852732
4,273107676;0,213191971
4,275091319;0,172263995
4,277074961;0,133168623
4,278997569;0,102625363
4,281011729;0,043371432
4,282934336;-0,01282817
4,284948496;-0,041538838
4,286871104;-0,09285152
4,288885264;-0,134390354
4,290807871;-0,151494578
4,292822032;-0,185703039
4,294805674;-0,161268428
4,296758799;-0,12339478
4,298681407;-0,024434609
4,300665049;0,103236228
4,302618174;0,177761793
4,304601817;0,332310706
4,306554942;0,49663344
4,308538584;0,586430609
4,310491709;0,747088194
4,312475352;0,809396446
4,314458994;0,78801614
4,316412119;0,656680167
4,318334727;0,529009283
4,320348887;0,496022582
4,322271494;0,446542501
4,324285655;0,362243086
4,32623878;0,317649931
4,328222422;0,249233022
4,330175547;0,171042264
4,33215919;0,136222944
4,334112315;0,084910266
4,33606544;0,033597589
4,337988047;0,014049901
4,33997169;-0,016493361
4,341924815;-0,063529983
4,343938975;-0,083077677
4,3458921;-0,117896989
4,347875742;-0,157603234
4,349828867;-0,167987943
4,35181251;-0,185703039
4,353796153;-0,222965822
4,355779795;-0,243124366
4,357702403;-0,290160984
4,359686045;-0,334754169
4,36163917;-0,346971452
4,363622813;-0,365297407
4,365575938;-0,381790787
4,36755958;-0,38728857
4,369512705;-0,379347324
4,371496348;-0,35430184
4,373479991;-0,342084527
4,375463633;-0,318260789
4,377386241;-0,274278492
4,379400401;-0,24495697
4,381323008;-0,18875736
4,383306651;-0,129503429
4,385259776;-0,106901415
4,387273936;-0,085521132
4,389196543;-0,093462385
4,391210703;-0,106290549
4,393194346;-0,113010071
4,395177989;-0,117286131
4,397070078;-0,110566609
4,399084239;-0,094073251
4,401037364;-0,091018923
4,403021006;-0,064140849
4,404943614;-0,05009095
4,406957774;-0,026267206
4,408880381;-0,014660766
4,410894541;-0,020158553
4,412847666;-0,020769419
4,414831309;-0,039706241
4,416753916;-0,049480084
4,418737559;-0,087964594
4,420690684;-0,127670839
4,422674326;-0,155159771
4,424596934;-0,193033412
4,426611094;-0,212581098
4,428533701;-0,206472456
4,430547862;-0,191811681
4,432500987;-0,141109869
4,434484629;-0,114231803
4,436407237;-0,054977871
4,438390879;-0,00122173
4,440344004;0,017104227
4,442327647;0,032986723
4,444280772;0,00122173
4,446294932;-0,020158553
4,448217539;-0,075136423
4,4502317;-0,117286131
4,452184825;-0,136222944
4,45413795;-0,18692477
4,456060557;-0,216246292
4,4580442;-0,224798411
4,459997325;-0,208915919
4,461980967;-0,18875736
4,463934092;-0,180205241
4,465948252;-0,131946892
4,46787086;-0,086742863
4,46988502;-0,059864793
4,471838145;-0,018325957
4,473821787;0,009162978
4,475744395;0,030543262
4,477728037;0,042760566
4,479681162;0,051312681
4,481664805;0,040927973
4,48361793;0,018325957
4,48563209;0,004886922
4,487554698;-0,014660766
4,489568858;-0,05009095
4,491521983;-0,078190751
4,493505625;-0,091018923
4,495428233;-0,136833817
4,497411875;-0,194866017
4,499365;-0,214413702
4,501348643;-0,290771842
4,503301768;-0,370184332
4,505315928;-0,404392779
4,507238535;-0,48014009
4,509252696;-0,551000476
4,511205821;-0,576656818
4,513189463;-0,628580332
4,515112071;-0,665232241
4,517126231;-0,6786713
4,519048838;-0,696386397
4,521032481;-0,69882983
4,522985606;-0,693942904
4,524969248;-0,668286562
4,526922373;-0,635910749
4,528906016;-0,623082578
4,530889658;-0,553443909
4,532873301;-0,466701061
4,534795908;-0,404392779
4,536810069;-0,207694188
4,538732676;0,016493361
4,540716319;0,108123146
4,542669444;0,249233022
4,544653086;0,294437051
4,546606211;0,30787608
4,548589854;0,325591177
4,550573496;0,33108896
4,552557139;0,326202035
4,554449229;0,32131511
4,556463389;0,317039073
4,558385996;0,309708685
4,560369639;0,287717521
4,562322764;0,258396
4,564306407;0,237015709
4,566259532;0,199142069
4,568243174;0,152716309
4,570257334;0,129503429
4,572210459;0,083077677
4,574102549;0,037262779
4,576116709;0,015271631
4,578039317;-0,048258353
4,580022959;-0,106290549
4,581976084;-0,137444675
4,583959727;-0,190589949
4,585912852;-0,25167647
4,587896494;-0,273056775
4,589880137;-0,315817326
4,59186378;-0,353690982
4,593755869;-0,358577907
4,59577003;-0,379958183
4,597692637;-0,395840675
4,59967628;-0,39400807
4,601629405;-0,389732033
4,603613047;-0,380569041
4,605566172;-0,37079519
4,607549815;-0,366519153
4,609533457;-0,352469236
4,6115171;-0,350025773
4,61340919;-0,325591177
4,615392832;-0,299934834
4,617345957;-0,288939267
4,6193296;-0,263282925
4,621282725;-0,23335053
4,623296885;-0,211359382
4,625219492;-0,133779496
4,627233653;-0,03848451
4,629186778;-0,00122173
4,63117042;0,037262779
4,63306251;0,034208454
4,635046153;0,017715093
4,636999278;-0,003054326
4,63898292;-0,036651913
4,640936045;-0,039706241
4,642950205;-0,051923547
4,644872813;-0,050701816
4,646886973;-0,049480084
4,648840098;-0,04642576
4,650823741;-0,0421497
4,65271583;-0,032986723
4,654729991;-0,029932396
4,656652598;-0,010995574
4,658666758;-0,000610865
4,660619883;0,034208454
4,662634043;0,085521132
4,664556651;0,116675265
4,666570811;0,174707457
4,668554453;0,241291776
4,670538096;0,296880513
4,672460703;0,317649931
4,674444346;0,343917131
4,676397471;0,334143281
4,678381114;0,290771842
4,680334239;0,239459172
4,682348399;0,172263995
4,684271006;0,140499011
4,686306893;0,070249505
4,688290535;-0,00122173
4,69024366;-0,031154128
4,692166268;-0,098349303
4,69414991;-0,128281698
4,696103035;-0,128281698
4,698086678;-0,083688542
4,700039803;0,017715093
4,702053963;0,082466811
4,703976571;0,218078896
4,705960213;0,341473669
4,707943856;0,387899429
4,709927498;0,464868456
4,711850106;0,49663344
4,713833748;0,50335294
4,715786873;0,485637873
4,717770516;0,445320755
4,719723641;0,411112309
4,721707284;0,345749736
4,723629891;0,239459172
4,725644051;0,184481308
4,727597176;0,076358154
4,729550301;-0,009773844
4,731472909;-0,048258353
4,733456551;-0,133168623
4,735409676;-0,194866017
4,737393319;-0,222965822
4,739346444;-0,256563395
4,741330086;-0,286495805
4,743283211;-0,296880513
4,745266854;-0,318260789
4,747250496;-0,325591177
4,749234139;-0,329867244
4,751126229;-0,318260789
4,753140389;-0,295658767
4,755062996;-0,279776275
4,757107674;-0,249843881
4,759030282;-0,188146502
4,761013924;-0,150272846
4,762967049;-0,080023348
4,764950692;-0,009773844
4,766934334;0,027488936
4,768917977;0,097738437
4,770840584;0,161268428
4,772824227;0,186313897
4,774746834;0,238237441
4,776730477;0,284052342
4,778683602;0,296880513
4,780697762;0,323758572
4,782620369;0,343917131
4,784604012;0,350025773
4,786587655;0,343306273
4,788571297;0,312763005
4,790463387;0,300545692
4,792477547;0,266337246
4,794400155;0,234572262
4,796444832;0,213802829
4,79836744;0,172263995
4,8003816;0,109344877
4,802334725;0,074525557
4,804348885;0,01282817
4,80630201;-0,058643065
4,808285653;-0,085521132
4,810177742;-0,132557765
4,812161385;-0,162490159
4,81411451;-0,173485726
4,81612867;-0,180816114
4,818051278;-0,178372651
4,820065438;-0,172263995
4,821988045;-0,161268428
4,824002205;-0,149051115
4,82595533;-0,145385921
4,827969491;-0,155159771
4,829892098;-0,194255143
4,831875741;-0,224798411
4,833828866;-0,291993588
4,835812508;-0,364075691
4,837796151;-0,398894995
4,839779793;-0,466701061
4,841732918;-0,529009283
4,843716561;-0,551611304
4,845700203;-0,530231059
4,847653328;-0,500298619
4,849575936;-0,481972665
4,851559578;-0,44043383
4,853512703;-0,397673279
4,855526864;-0,369573474
4,857449471;-0,320704252
4,859433114;-0,263893783
4,861386239;-0,234572262
4,863369881;-0,181426972
4,865353524;-0,136222944
4,867337166;-0,091018923
4,869229256;-0,066584311
4,871243416;-0,029932396
4,873196541;-0,01038471
4,875180184;0,025045475
4,877133309;0,051923547
4,879116951;0,072692961
4,881070076;0,078190751
4,883053719;0,089797191
4,885067879;0,097127572
4,887021004;0,097738437
4,888943612;0,103847094
4,890957772;0,106901415
4,892910897;0,113620937
4,894894539;0,145996794
4,896878182;0,205861583
4,898861825;0,248622149
4,90081495;0,317649931
4,902798592;0,370184332
4,904782235;0,389121175
4,90673536;0,426383942
4,908688485;0,469144523
4,910702645;0,488081336
4,912625252;0,514959395
4,914639412;0,537561417
4,916592537;0,533285379
4,91857618;0,518013716
4,920529305;0,485637873
4,922512948;0,464868456
4,92449659;0,405003667
4,926480233;0,335365027
4,92840284;0,297491372
4,930417;0,204639852
4,932339608;0,105068825
4,934353768;0,051923547
4,936306893;-0,050701816
4,938290535;-0,150883719
4,94024366;-0,192422554
4,942227303;-0,267558992
4,944210946;-0,34452799
4,946194588;-0,379347324
4,948117196;-0,44715336
4,950131356;-0,506407261
4,952053963;-0,525954962
4,954068123;-0,569326401
4,956021248;-0,610254407
4,958004891;-0,627969444
4,959958016;-0,654847562
4,961941659;-0,670119166
4,963925301;-0,66889745
4,965908944;-0,661567032
4,967831551;-0,636521578
4,969845711;-0,61269784
4,971768319;-0,5497787
4,973751961;-0,426994801
4,975705086;-0,320704252
4,977688729;-0,041538838
4,979641854;0,224187538
4,981625496;0,324369431
4,983609139;0,430660009
4,985592782;0,452651143
4,987515389;0,455094606
4,989499032;0,454483747
4,991452157;0,445931643
4,993435799;0,43371433
4,995358407;0,42394048
4,997372567;0,405003667
4,999325692;0,37751472
5,001339852;0,36102137
5,003292977;0,328645498
5,005276619;0,29138273
5,007168709;0,270613313
5,009152352;0,232739657
5,011105477;0,208305046
5,013089119;0,162490159
5,015042244;0,121562183
5,017025887;0,071471237
5,018948494;0,053145275
5,020962655;0,009162978
5,022946297;-0,034208454
5,02492994;-0,056810468
5,026852547;-0,09590584
5,02883619;-0,127059966
5,030789315;-0,145996794
5,032803475;-0,162490159
5,034726082;-0,176540062
5,036740242;-0,180816114
5,03866285;-0,181426972
5,04067701;-0,182037845
5,042630135;-0,182037845
5,044613778;-0,17898351
5,046536385;-0,175318331
5,048520028;-0,174707457
5,050442635;-0,168598801
5,052426278;-0,168598801
5,054348885;-0,166155353
5,056363045;-0,155159771
5,058285653;-0,143553331
5,060299813;-0,135612085
5,062283455;-0,120340452
5,064267098;-0,098960169
5,066189705;-0,092240654
5,068173348;-0,070860371
5,070126473;-0,051312681
5,072110116;-0,037873644
5,074063241;-0,018325957
5,076046883;0,004886922
5,078000008;0,015271631
5,079983651;0,032986723
5,081967293;0,048258353
5,083950936;0,058643065
5,085873543;0,065973446
5,087887703;0,08124508
5,089810311;0,081855945
5,091824471;0,085521132
5,093808114;0,089797191
5,095791756;0,092240654
5,097744881;0,091018923
5,099728524;0,087353729
5,101681649;0,083688542
5,103634774;0,076358154
5,105587899;0,062919118
5,107602059;0,059253927
5,109524666;0,049480084
5,111508309;0,034208454
5,113461434;0,027488936
5,115475594;0,012217305
5,117398201;0,00122173
5,119412362;-0,004276057
5,121396004;-0,019547688
5,123379647;-0,030543262
5,125271737;-0,036651913
5,127255379;-0,039706241
5,129177987;-0,045814894
5,131192147;-0,047036625
5,133145272;-0,047036625
5,135128914;-0,045814894
5,137051522;-0,04642576
5,139065682;-0,048258353
5,141018807;-0,054977871
5,14300245;-0,049480084
5,144925057;-0,047647487
5,1469087;-0,041538838
5,148861825;-0,036651913
5,150845467;-0,032375857
5,152798592;-0,021380283
5,154782235;-0,017715093
5,15673536;-0,014660766
5,158719002;-0,000610865
5,160702645;0,000610865
5,162686287;0,003665192
5,164578377;0,009162978
5,166592537;0,013439035
5,168515145;0,014049901
5,170498787;0,015271631
5,172451912;0,017104227
5,174435555;0,015882496
5,17638868;0,020769419
5,178372323;0,015882496
5,180355965;0,014049901
5,18230909;0,013439035
5,184231698;0,010995574
5,186245858;0,005497787
5,188198983;0,003665192
5,190182625;-0,000610865
5,192105233;-0,007330383
5,194119393;-0,015271631
5,196042;-0,021380283
5,19805616;-0,021991149
5,200009285;-0,028099801
5,202023446;-0,029932396
5,203915535;-0,030543262
5,205899178;-0,035430185
5,207852303;-0,039095376
5,209835946;-0,040317107
5,211789071;-0,047036625
5,213772713;-0,051312681
5,215725838;-0,05375614
5,217709481;-0,050701816
5,219693123;-0,049480084
5,221676766;-0,047036625
5,223568856;-0,048869219
5,225583016;-0,044593163
5,227505623;-0,043371432
5,229489266;-0,039706241
5,231411873;-0,034208454
5,233426034;-0,022602014
5,235348641;-0,005497787
5,237362801;0,000610865
5,239315926;0,028099801
5,241299569;0,060475659
5,243222176;0,080634214
5,245205819;0,118507855
5,247158944;0,160046697
5,249142586;0,184481308
5,251095711;0,225409269
5,253079354;0,265726388
5,255032479;0,283441484
5,257016121;0,32131511
5,258999764;0,348804057
5,260983407;0,37079519
5,262875496;0,376903862
5,264889657;0,346971452
5,266812264;0,313373864
5,268795907;0,239459172
5,270749032;0,166766211
5,272763192;0,087353729
5,274685799;0,045204028
5,276669442;-0,028099801
5,278653084;-0,099571034
5,280636727;-0,133168623
5,282528817;-0,18692477
5,284542977;-0,23335053
5,286465584;-0,249233022
5,288479744;-0,277943701
5,290432869;-0,289550126
5,29244703;-0,295047909
5,294369637;-0,298713118
5,296383797;-0,293215305
5,29836744;-0,290160984
5,300351082;-0,273667634
5,302304207;-0,249233022
5,304318367;-0,234572262
5,306240975;-0,200974673
5,308224617;-0,166155353
5,310177742;-0,143553331
5,312161385;-0,103236228
5,314083992;-0,06169739
5,316098153;-0,043371432
5,318081795;-0,002443461
5,320065438;0,029321533
5,321988045;0,045204028
5,323971688;0,072082102
5,325924813;0,090408057
5,327908455;0,099571034
5,329831063;0,108123146
5,331845223;0,110566609
5,33376783;0,109344877
5,335781991;0,103236228
5,337765633;0,098349303
5,339779793;0,089186326
5,341702401;0,075136423
5,343686043;0,058643065
5,345639168;0,048869219
5,347653328;0,031764992
5,349575936;0,017715093
5,351590096;0,006108652
5,353543221;-0,007330383
5,355557381;-0,020158553
5,357510506;-0,025656341
5,359494149;-0,02321288
5,361386239;-0,021380283
5,363400399;-0,018325957
5,365323006;-0,01282817
5,367306649;-0,020769419
5,369229256;-0,028710667
5,371243416;-0,047036625
5,373166024;-0,070860371
5,375180184;-0,079412483
5,377133309;-0,097738437
5,379147469;-0,099571034
5,381070076;-0,100792766
5,383053719;-0,078190751
5,385006844;-0,051312681
5,386990487;-0,031764992
5,388943612;0,006108652
5,390957772;0,039095376
5,392880379;0,047036625
5,394894539;0,067195177
5,396847664;0,073914692
5,398800789;0,072692961
5,400753914;0,065973446
5,402768075;0,058643065
5,404690682;0,050701816
5,40673536;0,039095376
5,408657967;0,028710667
5,410672127;0,018936822
5,412625252;0,016493361
5,414639412;0,005497787
5,416623055;0,000610865
5,418606698;-0,007330383
5,420529305;-0,020769419
5,422512948;-0,031154128
5,424466073;-0,037262779
5,426449715;-0,0421497
5,42840284;-0,0421497
5,430386483;-0,040927973
5,432339608;-0,031764992
5,43432325;-0,020158553
5,436306893;-0,015882496
5,438290535;-0,003665192
5,440213143;0,003054326
5,442227303;0,006108652
5,44414991;0,007330383
5,446164071;0,003054326
5,448117196;0,00122173
5,450131356;-0,005497787
5,452084481;-0,01038471
5,454068123;-0,013439035
5,456021248;-0,013439035
5,457974373;-0,010995574
5,459896981;-0,005497787
5,461880623;0,003665192
5,463833748;0,017715093
5,465817391;0,02321288
5,467770516;0,02687807
5,469754159;0,031154128
5,471707284;0,031154128
5,473690926;0,024434609
5,475674569;0,018325957
5,477627694;0,015882496
5,479550301;0,007330383
5,481564461;-0,002443461
5,483517586;-0,004886922
5,485501229;-0,006719518
5,487454354;-0,006719518
5,489437996;-0,007330383
5,491391121;-0,007330383
5,493374764;-0,007941248
5,495358407;-0,006719518
5,497311532;-0,004276057
5,499264657;-0,003054326
5,501278817;-0,002443461
5,503201424;0,000610865
5,505215584;0,000610865
5,507168709;0,003054326
5,509182869;0,004886922
5,511105477;0,008552114
5,513119637;0,007330383
5,515072762;0,009162978
5,517056405;0,009162978
5,518979012;0,009162978
5,520962655;0,010995574
5,52291578;0,007941248
5,524899422;0,006719518
5,526852547;0,001832596
5,52883619;-0,003054326
5,530789315;-0,002443461
5,532772957;-0,005497787
5,5347566;-0,009773844
5,536709725;-0,006719518
5,538632332;-0,004886922
5,540615975;-0,004886922
5,5425691;-0,003054326
5,54458326;-0,002443461
5,546505867;0,00122173
5,548520028;0,004276057
5,550473153;0,005497787
5,552487313;0,004276057
5,554470955;0,002443461
5,556454598;0,006719518
5,558377205;0
5,560391366;-0,003665192
5,562313973;-0,003054326
5,564328133;-0,007330383
5,566250741;-0,009162978
5,568264901;-0,008552114
5,570187508;-0,008552114
5,572201668;-0,007330383
5,574154793;-0,004886922
5,576138436;-0,006108652
5,578030526;-0,004276057
5,580044686;0
5,581967293;0,000610865
5,583981453;-0,004276057
5,585965096;-0,00122173
5,587948739;-0,001832596
5,589901864;-0,003054326
5,591885506;-0,003054326
5,593869149;-0,00122173
5,595822274;-0,00122173
5,597775399;0
5,599789559;0,00122173
5,601712166;0,001832596
5,603726326;0,003054326
5,605648934;0,00122173
5,607663094;-0,000610865
5,609616219;0,001832596
5,611599862;-0,000610865
5,613583504;-0,002443461
5,615536629;-0,007330383
5,617459237;-0,006108652
5,619442879;-0,003665192
5,621396004;-0,004886922
5,623410164;0,00122173
5,625332772;0,003054326
5,627316414;0,004886922
5,629269539;0,006719518
5,631253182;0,009162978
5,633236825;0,003665192
5,635220467;0,004276057
5,637112557;0,004276057
5,639126717;0,001832596
5,641049325;0
5,643032967;0
5,644986092;0,00122173
5,646969735;-0,002443461
5,648892342;0,002443461
5,650906502;0,003054326
5,652859627;0,003054326
5,65484327;0,004886922
5,656765877;0,003665192
5,65874952;0,001832596
5,660672127;0,000610865
5,662686287;-0,003054326
5,664639412;-0,001832596
5,666623055;-0,003054326
5,66857618;-0,004276057
5,670559823;-0,006719518
5,672543465;-0,003054326
5,67449659;-0,004886922
5,676419198;0,000610865
5,67840284;0,000610865
5,680355965;-0,00122173
5,682370125;0,000610865
5,684292733;0,00122173
5,686306893;0,002443461
5,6882295;0,001832596
5,69024366;-0,00122173
5,692196785;-0,000610865
5,694180428;0,00122173
5,696072518;-0,000610865
5,69805616;-0,003054326
5,699978768;0,002443461
5,701992928;-0,00122173
5,703946053;-0,000610865
5,705929696;0,00122173
5,707852303;0,002443461
5,709866463;0,00122173
5,711819588;-0,000610865
5,713772713;0,000610865
5,715695321;-0,001832596
5,717678963;0
5,719632088;-0,001832596
5,721646248;-0,002443461
5,723568856;0,001832596
5,725583016;0
5,727536141;0,00122173
5,729550301;0,00122173
5,731503426;-0,002443461
5,733517586;0,000610865
5,735440194;0
5,737423836;-0,002443461
5,739376961;0
5,741360604;-0,004886922
5,743313729;0
5,745297371;0,006108652
5,747250496;-0,003054326
5,749234139;-0,002443461
5,751217782;-0,001832596
5,753201424;0
5,755124032;-0,003054326
5,757138192;-0,001832596
5,759060799;-0,00122173
5,761074959;0,00122173
5,763028084;-0,002443461
5,765042244;-0,001832596
5,766995369;0,00122173
5,768979012;0,000610865
5,770962655;0,002443461
5,77291578;-0,00122173
5,774838387;0,002443461
5,77682203;0,003054326
5,778775155;0,001832596
5,780789315;0,004886922
5,782711922;0,004886922
5,784695565;0,004886922
5,78664869;0,001832596
5,788632332;0,001832596
5,790615975;0,00122173
5,7925691;-0,00122173
5,794491707;-0,003665192
5,796505867;-0,006719518
5,798428475;-0,003054326
5,800442635;-0,004276057
5,80239576;-0,004276057
5,80440992;-0,00122173
5,806332528;-0,00122173
5,80831617;-0,001832596
5,810299813;0
5,812283455;0,001832596
5,814206063;0
5,816220223;0,000610865
5,81814283;0,001832596
5,820156991;0,000610865
5,822110116;0,004276057
5,824093758;-0,000610865
5,826016366;0,00122173
5,828030526;0,003665192
5,829983651;0,000610865
5,831967293;0,003054326
5,833889901;0,003665192
5,835873543;0,003665192
5,837826668;0,004276057
5,839810311;0,003054326
5,841763436;0,003054326
5,843747078;0,003054326
5,845700203;0,00122173
5,847683846;0,001832596
5,849667489;-0,000610865
5,851620614;-0,000610865
5,853543221;-0,003665192
5,855557381;-0,00122173
5,857510506;0
5,859524666;-0,002443461
5,861447274;0,00122173
5,863461434;-0,000610865
5,865384041;0,002443461
5,867398201;0,000610865
5,869351326;0,00122173
5,871365487;0,000610865
5,873288094;0,000610865
5,875302254;0,003665192
5,877224862;0,000610865
5,879208504;0,001832596
5,881161629;0,001832596
5,883145272;0,001832596
5,885098397;0,002443461
5,887082039;0,000610865
5,889065682;0,003665192
5,891049325;0,001832596
5,892971932;0,002443461
5,894955575;-0,000610865
5,896878182;0,001832596
5,898861825;-0,002443461
5,90081495;-0,001832596
5,902798592;-0,001832596
5,904751717;-0,002443461
5,90673536;-0,001832596
5,908719002;-0,001832596
5,910702645;-0,003054326
5,912625252;-0,002443461
5,914639412;-0,001832596
5,91656202;-0,003665192
5,918545662;-0,001832596
5,920498787;-0,003665192
5,922512948;-0,000610865
5,924435555;-0,003054326
5,926419198;-0,000610865
5,92840284;-0,001832596
5,930386483;0,000610865
5,93230909;-0,000610865
5,93432325;-0,000610865
5,936245858;-0,001832596
5,938260018;0
5,94024366;0
5,942227303;0,000610865
5,944180428;0
5,946164071;0,003665192
5,948147713;0,003665192
5,950100838;0,00122173
5,952023446;0
5,954007088;0
5,955960213;-0,00122173
5,957943856;-0,000610865
5,959896981;0
5,961911141;0,00122173
5,963864266;0
5,965847909;0,000610865
5,967801034;0,000610865
5,969754159;-0,003054326
5,971676766;-0,005497787
5,973660409;-0,003054326
5,975613534;-0,003054326
5,977597176;-0,004276057
5,979550301;-0,003665192
5,981533944;-0,002443461
5,983487069;-0,001832596
5,985470711;-0,003054326
5,987454354;0,001832596
5,989407479;0,000610865
5,991360604;0,00122173
5,993344246;0,000610865
5,995266854;0,00122173
5,997281014;0,000610865
5,999234139;0,000610865
6,001217782;-0,000610865
6,003170907;0
6,005154549;0
6,007107674;0,001832596
6,009060799;0,002443461
6,010983407;-0,000610865
6,012967049;0,001832596
6,014920174;-0,000610865
6,016934334;0,000610865
6,018856942;-0,000610865
6,020840584;-0,000610865
6,022793709;-0,001832596
6,024777352;-0,000610865
6,026760994;-0,00122173
6,028744637;-0,001832596
6,030667244;-0,002443461
6,032650887;0,000610865
6,034604012;-0,002443461
6,036587655;-0,00122173
6,03854078;0,000610865
6,040524422;0
6,042477547;-0,00122173
6,04446119;-0,00122173
6,046444832;-0,000610865
6,048428475;0,000610865
6,050351082;0,000610865
6,052334725;-0,000610865
6,05428785;0,000610865
6,056271492;0,000610865
6,058224617;-0,00122173
6,06020826;0,000610865
6,062161385;0
6,064145028;-0,000610865
6,06612867;-0,00122173
6,068112313;0
6,07003492;-0,00122173
6,07204908;0,00122173
6,073971688;-0,003054326
6,075985848;-0,00122173
6,077938973;-0,000610865
6,079953133;0,000610865
6,081906258;-0,001832596
6,083889901;-0,000610865
6,085873543;0,001832596
6,087826668;-0,001832596
6,089779793;0
6,091793953;0
6,093716561;-0,00122173
6,095730721;-0,004886922
6,097714364;-0,00122173
6,099698006;0,000610865
6,101651131;-0,000610865
6,103634774;-0,00122173
6,105618416;-0,00122173
6,107571541;0,001832596
6,109494149;-0,000610865
6,111477791;0,001832596
6,113430916;0
6,115414559;0,000610865
6,117367684;0,000610865
6,119381844;0
6,121304451;-0,002443461
6,123318612;0,00122173
6,125271737;-0,001832596
6,127255379;-0,001832596
6,129177987;-0,001832596
6,131161629;-0,001832596
6,133114754;-0,003665192
6,135098397;-0,002443461
6,137051522;-0,002443461
6,139035164;-0,000610865
6,140988289;-0,001832596
6,142971932;0
6,144955575;0,003054326
6,1469087;0,000610865
6,148831307;0,003665192
6,150845467;0,001832596
6,152798592;0,000610865
6,154782235;0,004886922
6,156704842;0,037262779
6,158719002;0,070249505
6,16064161;0,122783914
6,16265577;0,149661988
6,164608895;0,149051115
6,166592537;0,145385921
6,168484627;0,128281698
6,170498787;0,120340452
6,172421395;0,097738437
6,174405037;0,084910266
6,176327645;0,075747289
6,178341805;0,05375614
6,180264412;0,028099801
6,182278573;0,015271631
6,184262215;-0,013439035
6,186245858;-0,044593163
6,188137948;-0,060475659
6,190152108;-0,092240654
6,192074715;-0,119729586
6,194058358;-0,13072516
6,195980965;-0,150272846
6,197995125;-0,161879286
6,199917733;-0,161879286
6,201931893;-0,156992361
6,203915535;-0,145996794
6,205899178;-0,135612085
6,207821785;-0,114231803
6,209835946;-0,09285152
6,211758553;-0,080634214
6,213742196;-0,051923547
6,215695321;-0,023823744
6,217709481;-0,01282817
6,219632088;0,01038471
6,221646248;0,031764992
6,223629891;0,040317107
6,225613534;0,054367006
6,227505623;0,062919118
6,229519784;0,070860371
6,231442391;0,072082102
6,233456551;0,073303826
6,235409676;0,071471237
6,237423836;0,06169739
6,239346444;0,055588737
6,241360604;0,04642576
6,243313729;0,036651913
6,245266854;0,023823744
6,247189461;0,017715093
6,249173104;0,004276057
6,251126229;-0,006719518
6,253109871;-0,013439035
6,255062996;-0,02321288
6,257046639;-0,032375857
6,258999764;-0,037873644
6,260983407;-0,040317107
6,262967049;-0,040317107
6,264920174;-0,037873644
6,266842782;-0,03848451
6,268826424;-0,036651913
6,270779549;-0,034208454
6,272763192;-0,027488936
6,274716317;-0,020769419
6,276699959;-0,01282817
6,278622567;-0,009162978
6,280636727;-0,001832596
6,282589852;-0,001832596
6,284573494;0,007330383
6,286526619;0,01160644
6,28854078;0,017715093
6,290463387;0,020769419
6,29244703;0,017715093
6,294400155;0,018325957
6,296414315;0,019547688
6,298336922;0,017715093
6,300351082;0,015882496
6,302334725;0,013439035
6,304318367;0,010995574
6,306210457;0,012217305
6,308224617;0,004886922
6,310147225;0,005497787
6,312161385;-0,000610865
6,31411451;-0,003054326
6,316098153;-0,006719518
6,318051278;-0,004886922
6,32003492;-0,008552114
6,322018563;-0,01038471
6,323971688;-0,01282817
6,325894295;-0,01160644
6,327877938;-0,008552114
6,329831063;-0,009162978
6,331845223;-0,009773844
6,33376783;-0,007330383
6,335751473;-0,005497787
6,337704598;-0,003054326
6,339688241;-0,004276057
6,341671883;0,00122173
6,343655526;0,00122173
6,345578133;0,003665192
6,347561776;0,002443461
6,349514901;0,003665192
6,351498543;0,003054326
6,353451668;0,004276057
6,355435311;0,004276057
6,357388436;0,004886922
6,359372078;0,003665192
6,361355721;0,003054326
6,363339364;0,005497787
6,365261971;0,004886922
6,367276131;0,004886922
6,369198739;0,003665192
6,371182381;0,00122173
6,373135506;0,00122173
6,375149666;-0,00122173
6,377072274;-0,00122173
6,379055916;0,00122173
6,381039559;-0,000610865
6,383023201;-0,003054326
6,384945809;-0,003054326
6,386929451;-0,00122173
6,388852059;-0,004276057
6,390835701;0
6,392758309;-0,003054326
6,394772469;-0,003665192
6,396695076;-0,003665192
6,398709237;-0,000610865
6,400692879;-0,002443461
6,402676522;0
6,404599129;0,000610865
6,406582772;-0,002443461
6,408535897;0,001832596
6,410519539;-0,000610865
6,412472664;0,00122173
6,414456307;0,000610865
6,416409432;0,00122173
6,418393075;0,001832596
6,420376717;0,001832596
6,42236036;0,001832596
6,42425245;0,001832596
6,42626661;0,00122173
6,428189217;0
6,43017286;0
6,432095467;0,00122173
6,434109627;-0,00122173
6,436032235;-0,002443461
6,438046395;0,00122173
6,440030037;-0,002443461
6,44201368;-0,003054326
6,443936287;-0,001832596
6,44591993;0,000610865
6,447873055;-0,001832596
6,449856698;-0,002443461
6,451809823;-0,001832596
6,453793465;-0,001832596
6,45574659;-0,00122173
6,457730233;-0,000610865
6,459713875;-0,000610865
6,461697518;-0,002443461
6,463589608;0,000610865
6,465603768;0,000610865
6,467526375;0,000610865
6,469510018;-0,002443461
6,471463143;-0,000610865
6,473477303;0,001832596
6,47539991;0,000610865
6,477383553;0,002443461
6,479367196;0,003054326
6,481350838;0,00122173
6,483273446;-0,00122173
6,485257088;0,001832596
6,487179696;0,004276057
6,489163338;0,00122173
6,491085946;0,00122173
6,493100106;0,00122173
6,495022713;-0,001832596
6,497036873;-0,000610865
6,498989998;-0,000610865
6,501004159;-0,000610865
6,502896248;-0,001832596
6,504910409;0,001832596
6,506833016;-0,000610865
6,508816659;-0,000610865
6,510769784;-0,000610865
6,512783944;-0,000610865
6,514706551;-0,000610865
6,516690194;0
6,518673836;-0,00122173
6,520657479;-0,002443461
6,522549569;0,003665192
6,524563729;0
6,526486336;0,00122173
6,528500496;0,00122173
6,530453621;-0,00122173
6,532467782;-0,000610865
6,534390389;0,00122173
6,536404549;0,001832596
6,538388192;0,000610865
6,540341317;0,003054326
6,542263924;0,000610865
6,544247567;-0,00122173
6,546200692;0
6,548184334;-0,00122173
6,550137459;-0,000610865
6,552121102;0
6,554074227;-0,003054326
6,556057869;0,00122173
6,55807203;-0,003054326
6,560025155;-0,002443461
6,561947762;-0,001832596
6,563961922;0
6,56588453;0,000610865
6,56789869;0,000610865
6,569821297;0,00122173
6,571835457;-0,00122173
6,573788582;0
6,575802742;-0,00122173
6,577755867;-0,00122173
6,579770028;0,00122173
6,581662117;0
6,58364576;-0,002443461
6,585598885;-0,000610865
6,587582528;-0,000610865
6,589535653;0,001832596
6,591549813;0,000610865
6,59347242;-0,00122173
6,59548658;0
6,597470223;-0,000610865
6,599453866;0
6,601376473;-0,000610865
6,603360116;0,003054326
6,605313241;0
6,607296883;0
6,609250008;-0,00122173
6,611233651;0,000610865
6,613186776;0,00122173
6,615170418;0,00122173
6,617154061;-0,000610865
6,619107186;0
6,621029793;0,000610865
6,623043953;0
6,624966561;0,000610865
6,626980721;-0,000610865
6,628903328;0,00122173
6,630917489;0
6,632840096;0,000610865
6,634854256;0,000610865
6,636807381;0
6,638821541;0
6,640744149;0
6,642727791;0,000610865
6,644680916;0,000610865
6,646664559;-0,003665192
6,648617684;0
6,650601326;-0,00122173
6,652554451;-0,00122173
6,654538094;-0,00122173
6,656521737;0
6,658505379;-0,002443461
6,660397469;0,00122173
6,662411629;-0,00122173
6,664334237;-0,00122173
6,666348397;0
6,668301522;0,001832596
6,670315682;0
6,672238289;-0,000610865
6,67425245;0
6,676236092;-0,001832596
6,678189217;-0,004276057
6,680111825;-0,00122173
6,682095467;0
6,684048592;0,00122173
6,686032235;0,000610865
6,68798536;0
6,68999952;-0,000610865
6,691922127;0,00122173
6,69390577;0,002443461
6,695889412;0,000610865
6,697873055;0,002443461
6,699765145;0,001832596
6,701779305;-0,001832596
6,703701912;0,000610865
6,705716073;-0,00122173
6,707669198;0,002443461
6,70965284;0,003054326
6,711575448;-0,00122173
6,713589608;0,001832596
6,71557325;-0,000610865
6,717526375;0,000610865
6,719448983;-0,00122173
6,721432625;0,000610865
6,72338575;-0,000610865
6,72539991;0
6,727322518;0,000610865
6,72930616;-0,000610865
6,731259285;0,000610865
6,733242928;-0,000610865
6,735226571;0
6,737179696;0,00122173
6,739102303;-0,000610865
6,741116463;0,002443461
6,743069588;0,000610865
6,745053231;0
6,747036873;0,000610865
6,749020516;0,000610865
6,750973641;0,001832596
6,752957284;-0,000610865
6,754940926;-0,000610865
6,756894051;-0,000610865
6,758816659;0
6,760800301;0,000610865
6,762753426;0,003054326
6,764767586;0,001832596
6,766690194;-0,001832596
6,768673836;0,00122173
6,770626961;0,00122173
6,772610604;0,000610865
6,774594246;-0,00122173
6,776577889;-0,00122173
6,778469979;-0,00122173
6,780484139;-0,000610865
6,782437264;-0,002443461
6,784420907;-0,00122173
6,786374032;-0,000610865
6,788357674;0
6,790310799;-0,004276057
6,792294442;-0,002443461
6,794278084;0,000610865
6,796231209;0
6,798153817;-0,000610865
6,800137459;0,00122173
6,802090584;-0,00122173
6,804104744;-0,001832596
6,806027352;0,002443461
6,808010994;0,000610865
6,809964119;-0,000610865
6,811947762;-0,001832596
6,813931405;0,00122173
6,815915047;0,000610865
6,817807137;0,001832596
6,819821297;0,000610865
6,821743905;0,001832596
6,823727547;0,001832596
6,825650155;0
6,827664315;0
6,829586922;0,001832596
6,831601082;0,003665192
6,833584725;-0,009773844
6,835568367;0
6,837490975;-0,000610865
6,839474617;0,000610865
6,841427742;-0,000610865
6,843411385;0
6,84536451;0,000610865
6,847348153;0
6,849301278;-0,000610865
6,85128492;-0,000610865
6,853268563;0,002443461
6,855252205;-0,000610865
6,857144295;0,001832596
6,859158455;0
6,861081063;-0,00122173
6,863095223;0,00122173
6,86501783;-0,001832596
6,867031991;0,002443461
6,868954598;0,000610865
6,870968758;0,001832596
6,872952401;-0,000610865
6,874936043;-0,00122173
6,876858651;-0,001832596
6,878842293;0
6,880795418;-0,00122173
6,882779061;-0,000610865
6,884732186;-0,00122173
6,886746346;-0,000610865
6,888668953;0,000610865
6,890652596;-0,000610865
6,892636239;-0,00122173
6,894619881;0,000610865
6,896511971;-0,00122173
6,898526131;0,000610865
6,900448739;-0,000610865
6,902462899;0,00122173
6,904416024;0,000610865
6,906399666;-0,001832596
6,908352791;-0,000610865
6,910336434;-0,000610865
6,912320076;-0,00122173
6,914303719;0,000610865
6,916226326;-0,00122173
6,918240487;0,001832596
6,920163094;-0,002443461
6,922146737;0,001832596
6,924099862;-0,000610865
6,926114022;0
6,928036629;0,001832596
6,930050789;0,00122173
6,932034432;-0,000610865
6,934018075;0,00122173
6,935910164;0,00122173
6,937893807;0,00122173
6,939816414;0,000610865
6,941830575;-0,000610865
6,9437837;0,00122173
6,94579786;-0,00122173
6,947720467;-0,00122173
6,949734627;0
6,95171827;0,001832596
6,953671395;0,000610865
6,955563485;-0,001832596
6,957577645;-0,001832596
6,959500252;-0,00122173
6,961514412;-0,00122173
6,96343702;-0,002443461
6,96545118;-0,000610865
6,967373787;0,000610865
6,969387948;0
6,97137159;0,001832596
6,973324715;-0,000610865
6,975247323;0,00122173
6,977261483;0
6,97918409;-0,000610865
6,98119825;0,002443461
6,983120858;0,000610865
6,985135018;-0,000610865
6,987057625;0,000610865
6,989071785;-0,00122173
6,991055428;0
6,993039071;0
6,99493116;0
6,996914803;-0,001832596
6,99883741;-0,000610865
7,000851571;0,00122173
7,002804696;-0,001832596
7,004788338;-0,000610865
7,006710946;-0,000610865
7,008725106;0
7,010708748;0
7,012692391;0
7,014614998;-0,002443461
7,016598641;0,00122173
7,018551766;-0,001832596
7,020535409;0,000610865
7,022488534;-0,000610865
7,024472176;-0,000610865
7,026425301;0,001832596
7,028408944;0
7,030392586;0
7,032345711;0,002443461
7,034268319;0,00122173
7,036282479;0,001832596
7,038235604;-0,000610865
7,040249764;-0,004276057
7,042172371;0,00122173
7,044186532;-0,00122173
7,046109139;0,00122173
7,048123299;0,002443461
7,050076424;-0,00122173
7,052090584;0,000610865
7,054013192;0
7,055996834;-0,001832596
7,057949959;0
7,059933602;0
7,061856209;0
7,063870369;0,002443461
7,065792977;-0,000610865
7,067807137;0,000610865
7,06979078;0,001832596
7,071774422;0,000610865
7,073666512;0,002443461
7,075650155;0
7,07760328;0
7,07961744;-0,000610865
7,081540047;0
7,08352369;-0,000610865
7,085476815;0,000610865
7,087460457;0,002443461
7,0894441;-0,001832596
7,091427742;-0,002443461
7,093319832;0
7,095333992;0
7,097287117;-0,00122173
7,09927076;-0,002443461
7,101223885;-0,001832596
7,103207528;-0,001832596
7,105160653;-0,001832596
7,107144295;-0,003665192
7,109127938;-0,000610865
7,11111158;-0,00122173
7,113034188;-0,000610865
7,115048348;0,001832596
7,116970955;-0,00122173
7,118954598;0
7,120907723;0,000610865
7,122921883;0,001832596
7,124844491;-0,001832596
7,126858651;0,000610865
7,128842293;0
7,130795418;0
7,132718026;-0,00122173
7,134701668;0,002443461
7,136654793;-0,003665192
7,138638436;-0,00122173
7,140591561;0,00122173
7,142575203;0
7,144528328;0,00122173
7,146511971;-0,00122173
7,148495614;-0,00122173
7,150448739;0,00122173
7,152371346;-0,001832596
7,154354989;0
7,156308114;0,00122173
7,158322274;-0,001832596
7,160244881;0,00122173
7,162228524;0,000610865
7,164181649;-0,000610865
7,166165291;-0,000610865
7,168148934;-0,000610865
7,170102059;-0,000610865
7,172024666;-0,00122173
7,174038826;-0,00122173
7,175961434;0,00122173
7,177975594;-0,001832596
7,179898201;0
7,181912362;-0,00122173
7,183834969;-0,00122173
7,185849129;0,00122173
7,187832772;0,00122173
7,189785897;0,00122173
7,191708504;-0,00122173
7,193722664;-0,000610865
7,195675789;0,00122173
7,19768995;0,000610865
7,199612557;-0,002443461
7,201626717;0,000610865
7,203549325;-0,00122173
7,205563485;0
7,20751661;0
7,20953077;0
7,211453377;-0,00122173
7,21343702;0,00122173
7,215390145;-0,002443461
7,217404305;-0,000610865
7,219326912;-0,000610865
7,221341073;-0,000610865
7,223294198;0,002443461
7,225308358;-0,002443461
7,227292;0,054977871
7,229275643;0,132557765
7,23119825;0,161879286
7,233181893;0,194255143
7,235135018;0,194866017
7,23711866;0,188146502
7,239071785;0,166155353
7,241085946;0,143553331
7,243008553;0,134390354
7,244992196;0,112399206
7,246975838;0,094684117
7,248959481;0,086131997
7,250851571;0,066584311
7,252865731;0,040927973
7,254788338;0,025656341
7,256802498;0,002443461
7,258725106;-0,023823744
7,260739266;-0,03481932
7,262661873;-0,057421334
7,264676034;-0,075136423
7,266659676;-0,087353729
7,268643319;-0,095294975
7,270565926;-0,108123146
7,272580086;-0,109955743
7,274502694;-0,116064399
7,276486336;-0,115453534
7,278439461;-0,116675265
7,280453621;-0,114231803
7,282376229;-0,113010071
7,284359871;-0,113010071
7,286343514;-0,110566609
7,288327157;-0,105679691
7,290219246;-0,102014497
7,292233407;-0,092240654
7,294186532;-0,078801617
7,296170174;-0,073303826
7,298123299;-0,054367006
7,300106942;-0,039095376
7,302060067;-0,032375857
7,304043709;-0,014660766
7,306057869;0,001832596
7,308010994;0,008552114
7,309933602;0,021991149
7,311947762;0,028710667
7,313900887;0,036041051
7,31588453;0,040927973
7,317807137;0,040317107
7,319821297;0,047036625
7,321774422;0,045204028
7,323788582;0,039706241
7,325741707;0,037262779
7,32772535;0,033597589
7,32961744;0,025045475
7,3316316;0,016493361
