"Time (s)","Latitude (°)","Longitude (°)","Altitude (m)","Altitude WGS84 (m)","Speed (m/s)","Direction (°)","Distance (km)","Horizontal Accuracy (m)","Vertical Accuracy (m)","Satellites"
4.554162000E-2,6.502983880E1,2.547266420E1,NaN,NaN,NaN,NaN,1.615177092E-1,1.100000000E3,0.000000000E0,-1.000000000E0
2.998125043E0,6.503070122E1,2.546989541E1,3.790118372E0,2.126358034E1,0.000000000E0,NaN,1.909129700E-1,3.368684387E1,3.709285355E1,9.000000000E0
5.026893069E0,6.503076134E1,2.547050524E1,1.139206764E1,2.886549985E1,0.000000000E0,NaN,1.946558669E-1,1.564605141E1,3.927542877E1,1.100000000E1
6.054275597E0,6.503078432E1,2.547044697E1,9.361536760E0,2.683498271E1,0.000000000E0,NaN,1.968133181E-1,1.927866554E1,4.393608093E1,1.400000000E1
7.079059167E0,6.503076762E1,2.547042355E1,8.545005750E0,2.601844739E1,0.000000000E0,NaN,2.034670206E-1,3.157625389E1,1.052236023E2,1.000000000E1
8.085650761E0,6.503073033E1,2.547031269E1,1.697288164E1,3.444631870E1,1.555423737E0,3.443018494E2,2.129578035E-1,2.518538666E1,6.215599823E1,1.700000000E1
9.088982793E0,6.503080391E1,2.547021020E1,2.284681530E1,4.032028911E1,2.285825253E0,3.396645203E2,2.215102858E-1,7.581930161E0,1.445336151E1,2.500000000E1
1.059229379E1,6.503085524E1,2.547007453E1,2.281868857E1,4.029219355E1,2.024400473E0,6.813809741E-3,2.246157896E-1,4.774168015E0,8.133022308E0,2.300000000E1
1.160031633E1,6.503087760E1,2.547003487E1,2.283251995E1,4.030603684E1,2.124428272E0,5.427272797E0,2.263228389E-1,4.095938683E0,6.937774658E0,2.600000000E1
1.251549462E1,6.503088313E1,2.547000094E1,2.233007367E1,3.980359559E1,2.183507681E0,1.453865147E1,2.269427037E-1,3.494630098E0,5.909159184E0,2.500000000E1
1.351552662E1,6.503088753E1,2.546999283E1,2.243561750E1,3.990914178E1,3.141753197E0,2.256557846E1,2.286620553E-1,3.227293968E0,5.200387478E0,2.400000000E1
1.451580162E1,6.503090203E1,2.547000556E1,2.111913271E1,3.859266140E1,2.899036169E0,3.405264664E1,2.298967419E-1,2.794234276E0,4.475450993E0,2.500000000E1
1.551543162E1,6.503090800E1,2.547002773E1,1.994308357E1,3.741661262E1,3.232931376E0,4.350872421E1,2.315699848E-1,2.545525074E0,3.966316223E0,2.600000000E1
1.651543762E1,6.503091549E1,2.547005865E1,1.837127949E1,3.584480871E1,3.355518103E0,5.012054443E1,2.339977037E-1,2.391730547E0,3.590398073E0,2.600000000E1
1.751555662E1,6.503092086E1,2.547010878E1,1.765880351E1,3.513233044E1,3.198038816E0,4.841696167E1,2.369262350E-1,2.198995113E0,3.352752686E0,2.500000000E1
1.851555662E1,6.503093281E1,2.547016438E1,1.648731936E1,3.396084603E1,3.578988791E0,4.935552979E1,2.405390291E-1,2.061633825E0,3.101389647E0,2.700000000E1
1.951579862E1,6.503095046E1,2.547022900E1,1.594901812E1,3.342254590E1,3.925083160E0,4.590876389E1,2.440584438E-1,2.024761200E0,3.000000000E0,2.600000000E1
2.051548462E1,6.503096802E1,2.547029139E1,1.559248015E1,3.306600920E1,3.621652842E0,6.141384506E1,2.473485115E-1,1.981964588E0,3.000000000E0,2.500000000E1
2.151550662E1,6.503097727E1,2.547035796E1,1.534016646E1,3.281369327E1,3.501099348E0,6.708205414E1,2.510719725E-1,1.969025731E0,3.000000000E0,2.500000000E1
2.251555062E1,6.503098562E1,2.547043479E1,1.508019021E1,3.255371355E1,3.524595499E0,7.131112671E1,2.548120830E-1,1.687425256E0,3.000000000E0,2.500000000E1
2.351555162E1,6.503099181E1,2.547051311E1,1.471629553E1,3.218981445E1,3.424407959E0,7.515500641E1,2.581481972E-1,1.492867351E0,3.000000000E0,2.200000000E1
2.451554562E1,6.503099742E1,2.547058293E1,1.459172263E1,3.206523763E1,3.128345728E0,7.543695831E1,2.608210104E-1,1.349848866E0,3.000000000E0,2.100000000E1
2.551552862E1,6.503100218E1,2.547063874E1,1.437086232E1,3.184437431E1,2.573773384E0,7.657139587E1,2.628714445E-1,1.245457888E0,3.000000000E0,2.200000000E1
2.651554062E1,6.503100162E1,2.547068240E1,1.427968511E1,3.175319312E1,1.943125129E0,8.893712616E1,2.641734656E-1,1.162979364E0,3.000000000E0,2.100000000E1
2.751564962E1,6.503100176E1,2.547071014E1,1.410264803E1,3.157615370E1,1.231438756E0,8.543653107E1,2.649913234E-1,1.093335986E0,3.000000000E0,2.100000000E1
2.851556462E1,6.503100372E1,2.547072693E1,1.402941548E1,3.150292043E1,7.681179047E-1,7.001629639E1,2.653832743E-1,1.033888817E0,3.000000000E0,2.200000000E1
2.951557462E1,6.503100327E1,2.547073521E1,1.382595459E1,3.129945866E1,3.126209974E-1,8.181958771E1,2.655048396E-1,9.837062359E-1,3.000000000E0,2.300000000E1
3.051561462E1,6.503100264E1,2.547073733E1,1.363133277E1,3.110483642E1,0.000000000E0,8.181958771E1,2.655541392E-1,9.392924309E-1,3.000000000E0,2.200000000E1
3.151563462E1,6.503100220E1,2.547073732E1,1.343285098E1,3.090635446E1,0.000000000E0,8.181958771E1,2.657711236E-1,1.555314660E0,3.000000000E0,2.200000000E1
3.251562362E1,6.503100026E1,2.547073770E1,1.328311356E1,3.075661627E1,0.000000000E0,8.181958771E1,2.660203665E-1,1.733703852E0,3.000000000E0,2.300000000E1
3.351568862E1,6.503099802E1,2.547073800E1,1.327973946E1,3.075324130E1,0.000000000E0,8.181958771E1,2.661349396E-1,1.483887196E0,3.000000000E0,2.300000000E1
3.451570162E1,6.503099730E1,2.547073974E1,1.330896515E1,3.078246657E1,0.000000000E0,8.181958771E1,2.662973318E-1,1.328787327E0,3.000000000E0,2.100000000E1
3.551571462E1,6.503099586E1,2.547074041E1,1.318410386E1,3.065760467E1,0.000000000E0,8.181958771E1,2.663688663E-1,1.216299295E0,3.000000000E0,2.200000000E1
3.651576762E1,6.503099594E1,2.547074192E1,1.301919220E1,3.049269291E1,0.000000000E0,8.181958771E1,2.664453215E-1,1.139144301E0,3.000000000E0,1.900000000E1
3.751577062E1,6.503099555E1,2.547074326E1,1.282228375E1,3.029578419E1,0.000000000E0,8.181958771E1,2.664740332E-1,1.070360661E0,3.000000000E0,2.100000000E1
3.851571762E1,6.503099537E1,2.547074283E1,1.265706973E1,3.013057014E1,0.000000000E0,8.181958771E1,2.665133009E-1,1.007479191E0,3.000000000E0,2.400000000E1
3.951576162E1,6.503099534E1,2.547074366E1,1.252503935E1,2.999853968E1,0.000000000E0,8.181958771E1,2.665831592E-1,9.588508606E-1,3.000000000E0,2.100000000E1
4.051592262E1,6.503099474E1,2.547074326E1,1.229738454E1,2.977088468E1,0.000000000E0,8.181958771E1,2.666420491E-1,9.188075066E-1,3.000000000E0,2.200000000E1
4.151586662E1,6.503099433E1,2.547074246E1,1.220597116E1,2.967947122E1,0.000000000E0,8.181958771E1,2.667339002E-1,8.824741244E-1,3.000000000E0,2.100000000E1
4.251582362E1,6.503099407E1,2.547074061E1,1.210879069E1,2.958229081E1,0.000000000E0,8.181958771E1,2.667529005E-1,8.482041359E-1,3.000000000E0,2.300000000E1
4.351584662E1,6.503099420E1,2.547074086E1,1.207088919E1,2.954438934E1,1.057649311E-2,8.181958771E1,2.667593144E-1,8.610681295E-1,3.000000000E0,2.000000000E1
4.451578262E1,6.503099423E1,2.547074097E1,1.204438490E1,2.951788505E1,8.785948157E-3,8.181958771E1,2.667774641E-1,8.735278845E-1,3.000000000E0,2.200000000E1
4.551586362E1,6.503099430E1,2.547074133E1,1.206807863E1,2.954157876E1,1.182461902E-2,8.181958771E1,2.667878541E-1,8.808499575E-1,3.000000000E0,2.100000000E1
4.651587162E1,6.503099434E1,2.547074153E1,1.204551552E1,2.951901566E1,1.050462574E-2,8.181958771E1,2.668034254E-1,8.883351088E-1,3.000000000E0,2.100000000E1
4.751659162E1,6.503099444E1,2.547074176E1,1.208568865E1,2.955918881E1,1.260758471E-2,8.181958771E1,2.668179717E-1,8.946674466E-1,3.000000000E0,2.200000000E1
4.851590662E1,6.503099447E1,2.547074206E1,1.213643586E1,2.960993600E1,1.309990324E-2,8.181958771E1,2.668359293E-1,9.009441733E-1,3.000000000E0,2.300000000E1
4.951618562E1,6.503099459E1,2.547074232E1,1.216841518E1,2.964191535E1,1.538608968E-2,8.181958771E1,2.668492002E-1,9.059900045E-1,3.000000000E0,2.300000000E1
5.051593262E1,6.503099465E1,2.547074257E1,1.228668072E1,2.976018088E1,1.344420388E-2,8.181958771E1,2.668531021E-1,9.137454033E-1,3.000000000E0,2.300000000E1
5.151610262E1,6.503099461E1,2.547074258E1,1.237931087E1,2.985281102E1,8.082067594E-3,8.181958771E1,2.676909084E-1,9.216412306E-1,3.000000000E0,2.100000000E1
5.251595062E1,6.503099432E1,2.547076041E1,1.222487701E1,2.969837550E1,2.892912030E-1,6.744095612E1,2.692629258E-1,9.278639555E-1,3.000000000E0,2.300000000E1
5.351598762E1,6.503099590E1,2.547079369E1,1.214143812E1,2.961493434E1,8.724362850E-1,8.389322662E1,2.714443726E-1,9.328440428E-1,3.000000000E0,2.500000000E1
5.451594962E1,6.503099740E1,2.547084003E1,1.223123391E1,2.970472670E1,1.509014130E0,8.561399841E1,2.739898307E-1,9.368999004E-1,3.000000000E0,2.500000000E1
5.551600062E1,6.503100315E1,2.547089252E1,1.232517161E1,2.979866204E1,1.926094532E0,7.508354187E1,2.764572826E-1,9.372094274E-1,3.000000000E0,2.600000000E1
5.651598962E1,6.503100883E1,2.547094334E1,1.221061488E1,2.968410307E1,2.121401787E0,7.590599823E1,2.792714015E-1,1.653077245E0,3.000000000E0,2.600000000E1
5.751603062E1,6.503101258E1,2.547100263E1,1.226724673E1,2.974073122E1,2.318765640E0,8.177194214E1,2.819975893E-1,1.508937597E0,3.000000000E0,2.600000000E1
5.851602862E1,6.503101543E1,2.547106031E1,1.216729401E1,2.964077459E1,2.423806190E0,8.327406311E1,2.848765244E-1,1.427954912E0,3.000000000E0,2.500000000E1
5.951604862E1,6.503101988E1,2.547112074E1,1.204237860E1,2.951585565E1,2.517508268E0,8.039442444E1,2.877672962E-1,1.347970128E0,3.000000000E0,2.600000000E1
6.051604162E1,6.503102498E1,2.547118113E1,1.205155939E1,2.952503314E1,2.584998608E0,7.856214142E1,2.905027188E-1,1.291641235E0,3.000000000E0,2.600000000E1
6.151601962E1,6.503103140E1,2.547123738E1,1.219133850E1,2.966480982E1,2.611899376E0,7.459654236E1,2.931040414E-1,1.250710607E0,3.000000000E0,2.600000000E1
6.251609862E1,6.503104063E1,2.547128831E1,1.218910970E1,2.966258011E1,2.612565517E0,6.728746796E1,2.954231155E-1,1.223348618E0,3.000000000E0,2.600000000E1
6.351606462E1,6.503105480E1,2.547132457E1,1.214955507E1,2.962302771E1,2.576328993E0,4.864081955E1,2.974780227E-1,1.193306088E0,3.000000000E0,2.600000000E1
6.451601162E1,6.503107184E1,2.547134149E1,1.217009698E1,2.964357460E1,2.514533520E0,2.544036293E1,2.992049725E-1,1.172405243E0,3.000000000E0,2.600000000E1
6.551603562E1,6.503108698E1,2.547134967E1,1.212324847E1,2.959673112E1,2.424498796E0,1.294223690E1,3.000265526E-1,1.156211734E0,3.000000000E0,2.600000000E1
6.651608662E1,6.503109397E1,2.547134399E1,1.226260553E1,2.973609131E1,2.250971794E0,3.414773865E2,3.002010568E-1,1.139211655E0,3.000000000E0,2.600000000E1
6.751630462E1,6.503109551E1,2.547134326E1,1.226397407E1,2.973746050E1,1.816911936E0,3.414773865E2,3.003423132E-1,1.121834755E0,3.000000000E0,2.600000000E1
6.851611962E1,6.503109678E1,2.547134354E1,1.234632853E1,2.981981541E1,1.515436053E0,3.414773865E2,3.007456747E-1,1.845506430E0,3.000000000E0,2.600000000E1
6.951609562E1,6.503110023E1,2.547134619E1,1.236576682E1,2.983925478E1,1.368098021E0,1.565764046E1,3.019691524E-1,1.718865156E0,3.000000000E0,2.600000000E1
7.051621662E1,6.503111109E1,2.547135028E1,1.234897163E1,2.982246335E1,1.405921102E0,3.248726130E0,3.038359088E-1,1.442811966E0,3.000000000E0,2.600000000E1
7.151610162E1,6.503112781E1,2.547134648E1,1.228910248E1,2.976260085E1,1.519930363E0,3.573977356E2,3.059097883E-1,1.273077607E0,3.000000000E0,2.600000000E1
7.251613062E1,6.503114606E1,2.547133742E1,1.231542137E1,2.978892743E1,1.639601111E0,3.499054565E2,3.083449102E-1,1.160389781E0,3.000000000E0,2.600000000E1
7.351628462E1,6.503116790E1,2.547133364E1,1.249543331E1,2.996894796E1,1.776888013E0,3.553490601E2,3.108566928E-1,1.079879522E0,3.000000000E0,2.600000000E1
7.451623162E1,6.503119048E1,2.547133248E1,1.252252921E1,2.999605251E1,1.891444087E0,3.574087219E2,3.132598254E-1,1.019097924E0,3.000000000E0,2.600000000E1
7.551620562E1,6.503121210E1,2.547133295E1,1.249810582E1,2.997163726E1,1.972004771E0,3.572192688E2,3.159859970E-1,1.717315078E0,3.000000000E0,2.600000000E1
7.651616662E1,6.503123654E1,2.547132837E1,1.231889402E1,2.979243510E1,2.068549156E0,3.526054382E2,3.191036129E-1,1.860735178E0,3.000000000E0,2.600000000E1
7.751650862E1,6.503126441E1,2.547132111E1,1.223775744E1,2.971130971E1,2.176380634E0,3.540075989E2,3.221127701E-1,1.889793277E0,3.000000000E0,2.600000000E1
7.851626962E1,6.503129135E1,2.547132696E1,1.254971354E1,3.002327549E1,2.257925034E0,1.595854568E1,3.250242096E-1,1.904191732E0,3.000000000E0,2.600000000E1
7.951620762E1,6.503131109E1,2.547136773E1,1.295299074E1,3.042655663E1,2.323646784E0,4.483881760E1,3.287486551E-1,1.930152893E0,3.000000000E0,2.600000000E1
8.051626062E1,6.503131914E1,2.547144475E1,1.326990415E1,3.074346641E1,2.447474957E0,7.071626282E1,3.334440220E-1,1.951165676E0,3.000000000E0,2.600000000E1
8.151622962E1,6.503131874E1,2.547154478E1,1.332397162E1,3.079752505E1,2.635044813E0,7.727056885E1,3.377118554E-1,1.946281314E0,3.000000000E0,2.600000000E1
8.251624862E1,6.503131924E1,2.547163570E1,1.300530531E1,3.047885105E1,2.778748512E0,8.459030914E1,3.422044289E-1,1.956203341E0,3.000000000E0,2.600000000E1
8.351634762E1,6.503132039E1,2.547173137E1,1.300219002E1,3.047572791E1,2.935090303E0,8.306148529E1,3.473779647E-1,1.988233566E0,3.000000000E0,2.600000000E1
8.451630262E1,6.503132332E1,2.547184138E1,1.307236212E1,3.054589157E1,3.134994507E0,8.693984222E1,3.522014826E-1,1.976038694E0,3.000000000E0,2.600000000E1
8.551634262E1,6.503131513E1,2.547194229E1,1.310337145E1,3.057688906E1,3.293054104E0,9.795147705E1,3.569060531E-1,1.958744049E0,3.000000000E0,2.600000000E1
8.651630562E1,6.503129703E1,2.547203289E1,1.291094764E1,3.038445057E1,3.428553104E0,1.036166992E2,3.618161248E-1,2.019756556E0,3.000000000E0,2.600000000E1
8.751635562E1,6.503127826E1,2.547212758E1,1.278305082E1,3.025653844E1,3.568284512E0,1.078735275E2,3.666897858E-1,2.025063276E0,3.000000000E0,2.600000000E1
8.851639662E1,6.503126039E1,2.547222238E1,1.254839483E1,3.002186749E1,3.692525864E0,1.098876419E2,3.716363203E-1,2.032826662E0,3.000000000E0,2.500000000E1
8.951662862E1,6.503124448E1,2.547232080E1,1.238785421E1,2.986131233E1,3.811498165E0,1.089753723E2,3.764670492E-1,2.031749249E0,3.000000000E0,2.500000000E1
9.051639662E1,6.503123266E1,2.547241983E1,1.218781448E1,2.966125956E1,3.912302017E0,1.034981995E2,3.815784359E-1,2.052377701E0,3.000000000E0,2.600000000E1
9.151636562E1,6.503122742E1,2.547252802E1,1.182709678E1,2.930053052E1,4.024642467E0,9.881209564E1,3.866521953E-1,2.048375845E0,3.000000000E0,2.600000000E1
9.251644662E1,6.503122724E1,2.547263612E1,1.174535672E1,2.921878103E1,4.123149395E0,9.465244293E1,3.919880576E-1,2.053880215E0,3.000000000E0,2.600000000E1
9.351641662E1,6.503122553E1,2.547274972E1,1.161242452E1,2.908583834E1,4.232192039E0,9.596360779E1,3.971562738E-1,1.969719410E0,3.000000000E0,2.600000000E1
9.451655262E1,6.503121746E1,2.547285816E1,1.143143559E1,2.890483698E1,4.318297863E0,1.005726700E2,4.019627818E-1,1.957256913E0,3.000000000E0,2.600000000E1
9.551680662E1,6.503120804E1,2.547295810E1,1.178436478E1,2.925775397E1,4.369209766E0,1.027151413E2,4.068249627E-1,1.977338552E0,3.000000000E0,2.600000000E1
9.651670962E1,6.503119838E1,2.547305912E1,1.182809487E1,2.930147166E1,4.417713642E0,1.015389481E2,4.116580167E-1,1.994449377E0,3.000000000E0,2.600000000E1
9.751652162E1,6.503118863E1,2.547315947E1,1.178923843E1,2.926260287E1,4.459027290E0,9.971414948E1,4.165161197E-1,1.995006800E0,3.000000000E0,2.600000000E1
9.851644062E1,6.503118133E1,2.547326151E1,1.178792929E1,2.926128214E1,4.718057156E0,1.008264771E2,4.212943951E-1,5.512639999E0,3.000000000E0,2.500000000E1
9.951647962E1,6.503117394E1,2.547336180E1,1.161158635E1,2.908492774E1,4.644097328E0,1.019611359E2,4.260974385E-1,5.513521194E0,3.000000000E0,2.500000000E1
1.005164676E2,6.503116536E1,2.547346208E1,1.153249399E1,2.900582346E1,4.858448982E0,1.033612900E2,4.313670540E-1,5.514400005E0,3.000000000E0,2.500000000E1
1.015164696E2,6.503115434E1,2.547357127E1,1.161244463E1,2.908576050E1,5.162947178E0,1.036010895E2,4.366425301E-1,5.515284061E0,3.000000000E0,2.500000000E1
1.025165856E2,6.503114309E1,2.547368046E1,1.185766021E1,2.933096240E1,4.988535404E0,1.037501831E2,4.418917196E-1,5.516178608E0,3.000000000E0,2.500000000E1
1.035165476E2,6.503113110E1,2.547378863E1,1.248037824E1,2.995366656E1,4.514128208E0,1.005796204E2,4.467160444E-1,5.517059326E0,3.000000000E0,2.600000000E1
1.045165106E2,6.503112204E1,2.547388914E1,1.236796758E1,2.984124379E1,4.637753487E0,9.996695709E1,4.521578779E-1,5.517954350E0,3.000000000E0,2.500000000E1
1.055165436E2,6.503111182E1,2.547400252E1,1.252131530E1,2.999457785E1,4.716384888E0,1.010689316E2,4.575392184E-1,5.518833160E0,3.000000000E0,2.500000000E1
1.065165516E2,6.503110256E1,2.547411505E1,1.307733133E1,3.055058067E1,4.660874367E0,1.007809372E2,4.629618988E-1,5.519721508E0,3.000000000E0,2.600000000E1
1.075166346E2,6.503109237E1,2.547422803E1,1.343812415E1,3.091135988E1,4.775639534E0,1.006304169E2,4.682859073E-1,5.520609856E0,3.000000000E0,2.500000000E1
1.085166186E2,6.503108340E1,2.547433944E1,1.285917571E1,3.033239843E1,5.034992695E0,1.022483673E2,4.735740578E-1,5.521495342E0,3.000000000E0,2.400000000E1
1.095165806E2,6.503107319E1,2.547444948E1,1.267279508E1,3.014600445E1,4.824490547E0,1.048938446E2,4.786332999E-1,5.522385597E0,3.000000000E0,2.300000000E1
1.105166186E2,6.503106149E1,2.547455364E1,1.246732447E1,2.994052044E1,4.686312199E0,1.044573212E2,4.835757561E-1,5.523266792E0,3.000000000E0,2.400000000E1
1.115167306E2,6.503105302E1,2.547465701E1,1.259292269E1,3.006610655E1,4.676041603E0,1.004691391E2,4.897649504E-1,5.524146080E0,3.000000000E0,2.400000000E1
1.125166876E2,6.503104778E1,2.547478828E1,1.301459653E1,3.048776707E1,4.968893051E0,1.000004883E2,4.953046999E-1,5.525036335E0,3.000000000E0,2.500000000E1
1.135166396E2,6.503104159E1,2.547490539E1,1.337508396E1,3.084824205E1,5.004677773E0,1.005828781E2,5.012351377E-1,5.525921822E0,3.000000000E0,2.400000000E1
1.145166836E2,6.503103185E1,2.547502961E1,1.394807477E1,3.142121847E1,5.286616802E0,1.019982452E2,5.071631153E-1,5.526801109E0,3.000000000E0,2.500000000E1
1.155166916E2,6.503101951E1,2.547515247E1,1.403642885E1,3.150955729E1,5.155430794E0,1.013574829E2,5.127516630E-1,5.527688980E0,3.000000000E0,2.500000000E1
1.165167116E2,6.503100840E1,2.547526858E1,1.390350813E1,3.137662237E1,5.361595154E0,1.040768280E2,5.181459521E-1,5.528581619E0,3.000000000E0,2.500000000E1
1.175167516E2,6.503099782E1,2.547538074E1,1.413918405E1,3.161228463E1,5.766414165E0,1.016127548E2,5.237254443E-1,4.411415577E0,3.000000000E0,2.400000000E1
1.185167236E2,6.503098783E1,2.547549723E1,1.365554127E1,3.112862804E1,5.277065277E0,1.031258698E2,5.289510369E-1,4.411563396E0,3.000000000E0,2.500000000E1
1.195167896E2,6.503098112E1,2.547560741E1,1.366888680E1,3.114196153E1,5.187036514E0,1.029973907E2,5.339622249E-1,5.531229973E0,3.000000000E0,2.600000000E1
1.205167236E2,6.503097413E1,2.547571288E1,1.383578615E1,3.130884915E1,5.178457260E0,1.026109161E2,5.393210544E-1,5.532119751E0,3.000000000E0,2.600000000E1
1.215167606E2,6.503096516E1,2.547582506E1,1.397303291E1,3.144608286E1,5.297976971E0,1.044419250E2,5.444331450E-1,5.533007622E0,3.000000000E0,2.600000000E1
1.225167786E2,6.503095418E1,2.547593082E1,1.400753479E1,3.148057150E1,4.798613071E0,1.068843918E2,5.493891794E-1,5.533886909E0,3.000000000E0,2.600000000E1
1.235171606E2,6.503094167E1,2.547603215E1,1.418956609E1,3.166258936E1,4.786329269E0,1.043053818E2,5.546752660E-1,4.412305832E0,3.000000000E0,2.400000000E1
1.245169356E2,6.503093061E1,2.547614168E1,1.400575683E1,3.147876650E1,4.949368000E0,1.010496368E2,5.600917067E-1,4.412455082E0,3.000000000E0,2.500000000E1
1.255168766E2,6.503092259E1,2.547625550E1,1.435334072E1,3.182633756E1,4.819063187E0,9.905579376E1,5.653350340E-1,4.412602901E0,3.000000000E0,2.500000000E1
1.265169296E2,6.503091329E1,2.547636501E1,1.466374663E1,3.213673054E1,4.888313293E0,1.008171997E2,5.705841419E-1,4.412750721E0,3.000000000E0,2.500000000E1
1.275168266E2,6.503090205E1,2.547647362E1,1.455663666E1,3.202960698E1,4.980333328E0,1.020714951E2,5.762759012E-1,5.538326263E0,3.000000000E0,2.500000000E1
1.285168596E2,6.503089285E1,2.547659291E1,1.472689605E1,3.219985263E1,4.733589172E0,1.022908020E2,5.817520220E-1,5.539205551E0,3.000000000E0,2.500000000E1
1.295168476E2,6.503088235E1,2.547670690E1,1.512562829E1,3.259857111E1,4.817420006E0,1.010743179E2,5.873600571E-1,5.540096283E0,3.000000000E0,2.500000000E1
1.305168586E2,6.503087355E1,2.547682454E1,1.567729068E1,3.315022006E1,5.307518482E0,1.009968567E2,5.929598624E-1,5.540973663E0,3.000000000E0,2.500000000E1
1.315169166E2,6.503086347E1,2.547694143E1,1.567155287E1,3.314446840E1,5.073818684E0,1.029832230E2,5.984013358E-1,5.541854858E0,3.000000000E0,2.500000000E1
1.325169986E2,6.503085278E1,2.547705455E1,1.554699240E1,3.301989417E1,4.914238453E0,1.006104355E2,6.041724421E-1,4.627495289E0,3.000000000E0,2.400000000E1
1.335169716E2,6.503084533E1,2.547717623E1,1.527609620E1,3.274898469E1,5.115030289E0,1.033913498E2,6.103059539E-1,5.543634892E0,3.000000000E0,2.500000000E1
1.345169606E2,6.503083673E1,2.547730530E1,1.537705906E1,3.284993320E1,5.214989662E0,1.031884308E2,6.160250280E-1,5.544521809E0,3.000000000E0,2.500000000E1
1.355169216E2,6.503082588E1,2.547742440E1,1.507726982E1,3.255012963E1,5.377910137E0,1.034471970E2,6.216238868E-1,5.545411110E0,3.000000000E0,2.500000000E1
1.365169746E2,6.503081359E1,2.547754007E1,1.486544247E1,3.233828772E1,5.423324108E0,1.028109894E2,6.271708137E-1,4.414233208E0,3.000000000E0,2.400000000E1
1.375169886E2,6.503080485E1,2.547765642E1,1.504821918E1,3.252105114E1,5.316556931E0,1.032976837E2,6.327129641E-1,4.414380550E0,3.000000000E0,2.400000000E1
1.385170426E2,6.503079610E1,2.547777266E1,1.507973925E1,3.255255791E1,5.269288540E0,1.024487762E2,6.382936948E-1,4.414528847E0,3.000000000E0,2.400000000E1
1.395170246E2,6.503079020E1,2.547789073E1,1.509717494E1,3.256998123E1,5.461241245E0,1.013259583E2,6.440237016E-1,5.548942566E0,3.000000000E0,2.500000000E1
1.405172176E2,6.503078273E1,2.547801151E1,1.503148802E1,3.250428110E1,5.587753773E0,9.956861115E1,6.501152144E-1,5.549829483E0,3.000000000E0,2.500000000E1
1.415169996E2,6.503077556E1,2.547814017E1,1.510145767E1,3.257423699E1,5.589219570E0,9.986340332E1,6.560696612E-1,5.550711155E0,3.000000000E0,2.500000000E1
1.425171946E2,6.503076809E1,2.547826579E1,1.523483605E1,3.270760176E1,5.516597748E0,9.988075256E1,6.618607387E-1,4.415120602E0,3.000000000E0,2.400000000E1
1.435171536E2,6.503075637E1,2.547838599E1,1.519718854E1,3.266993952E1,5.579575539E0,1.031060257E2,6.676622700E-1,5.552485466E0,3.000000000E0,2.500000000E1
1.445189246E2,6.503074316E1,2.547850556E1,1.501851416E1,3.249124991E1,5.226770878E0,1.030566406E2,6.732603831E-1,4.415415764E0,3.000000000E0,2.500000000E1
1.455173436E2,6.503073015E1,2.547862078E1,1.450516527E1,3.197788625E1,5.233242035E0,1.042629700E2,6.787352522E-1,5.554257393E0,3.000000000E0,2.600000000E1
1.465174386E2,6.503072004E1,2.547873493E1,1.419173092E1,3.166443830E1,5.259817123E0,1.040382309E2,6.841867552E-1,5.555139065E0,3.000000000E0,2.600000000E1
1.475173696E2,6.503070948E1,2.547884835E1,1.412029461E1,3.159298829E1,5.174795151E0,1.020338516E2,6.897720339E-1,5.556025982E0,3.000000000E0,2.600000000E1
1.485170696E2,6.503070168E1,2.547896589E1,1.413291641E1,3.160559706E1,5.234644413E0,9.963365936E1,6.951384257E-1,5.556909561E0,3.000000000E0,2.600000000E1
1.495170936E2,6.503069637E1,2.547907953E1,1.400507007E1,3.147773896E1,5.326455593E0,9.980094910E1,7.007225378E-1,5.557787418E0,3.000000000E0,2.500000000E1
1.505171296E2,6.503068986E1,2.547919748E1,1.397595691E1,3.144861321E1,5.364057541E0,9.879331207E1,7.068075524E-1,4.416302681E0,3.000000000E0,2.400000000E1
1.515175026E2,6.503068134E1,2.547932554E1,1.426478168E1,3.173742378E1,5.181708336E0,9.996814728E1,7.118423871E-1,5.559558392E0,3.000000000E0,2.600000000E1
1.525175686E2,6.503067210E1,2.547943055E1,1.433386656E1,3.180649619E1,5.334668636E0,1.019994507E2,7.170785121E-1,5.560446262E0,3.000000000E0,2.600000000E1
1.535172256E2,6.503066385E1,2.547954037E1,1.452777764E1,3.200039474E1,5.377582550E0,1.038355255E2,7.228708897E-1,4.270699501E0,3.000000000E0,2.500000000E1
1.545172346E2,6.503065666E1,2.547966259E1,1.459777044E1,3.207037435E1,5.547385693E0,1.025329361E2,7.283184412E-1,4.416892052E0,3.000000000E0,2.500000000E1
1.555172496E2,6.503064853E1,2.547977704E1,1.484828278E1,3.232087381E1,5.364926815E0,1.027389679E2,7.337456874E-1,4.417039394E0,3.000000000E0,2.500000000E1
1.565172036E2,6.503063820E1,2.547989004E1,1.467008408E1,3.214266155E1,5.205713749E0,1.021171951E2,7.394323232E-1,5.563986778E0,3.000000000E0,2.600000000E1
1.575174036E2,6.503062913E1,2.548000927E1,1.482574922E1,3.229831305E1,5.367969513E0,1.021636200E2,7.451565511E-1,5.564868450E0,3.000000000E0,2.600000000E1
1.585172606E2,6.503062051E1,2.548012950E1,1.470232326E1,3.217487355E1,5.342266560E0,1.012920074E2,7.507861443E-1,5.565763474E0,3.000000000E0,2.600000000E1
1.595172226E2,6.503061179E1,2.548024764E1,1.479460522E1,3.226714210E1,5.369225502E0,1.033211060E2,7.559096026E-1,5.566646576E0,3.000000000E0,2.600000000E1
1.605172286E2,6.503060162E1,2.548035410E1,1.472447167E1,3.219699562E1,5.181330681E0,1.039781647E2,7.610813408E-1,5.567527771E0,3.000000000E0,2.600000000E1
1.615173796E2,6.503058870E1,2.548045995E1,1.469950452E1,3.217201457E1,4.287805557E0,1.093765411E2,7.651915181E-1,5.568401814E0,3.000000000E0,2.600000000E1
1.625173536E2,6.503057632E1,2.548054246E1,1.471598294E1,3.218848130E1,4.285206795E0,1.036746292E2,7.703008269E-1,4.287168503E0,3.000000000E0,2.400000000E1
1.635173536E2,6.503056658E1,2.548064883E1,1.454791172E1,3.202039732E1,4.688637733E0,1.021060562E2,7.757191996E-1,4.418218613E0,3.000000000E0,2.500000000E1
1.645176586E2,6.503055789E1,2.548076241E1,1.445777862E1,3.193025123E1,4.716356754E0,1.018175125E2,7.808590056E-1,4.418365955E0,3.000000000E0,2.600000000E1
1.655174366E2,6.503054605E1,2.548086826E1,1.448607954E1,3.195853866E1,4.919930935E0,1.027534714E2,7.866955188E-1,4.418512344E0,3.000000000E0,2.500000000E1
1.665172946E2,6.503053595E1,2.548099028E1,1.491900493E1,3.239144981E1,5.038378239E0,1.026913605E2,7.921050496E-1,5.572831154E0,3.000000000E0,2.600000000E1
1.675173346E2,6.503052383E1,2.548110189E1,1.500840114E1,3.248083193E1,5.247133732E0,1.036367722E2,7.972156006E-1,5.573711395E0,3.000000000E0,2.600000000E1
1.685173436E2,6.503051552E1,2.548120897E1,1.524641949E1,3.271883800E1,5.188188553E0,1.011329498E2,8.026890510E-1,5.574601173E0,3.000000000E0,2.600000000E1
1.695177526E2,6.503050715E1,2.548132388E1,1.523311482E1,3.270552035E1,4.952711582E0,1.009324799E2,8.084979560E-1,5.575479984E0,3.000000000E0,2.600000000E1
1.705174476E2,6.503049649E1,2.548144503E1,1.531284600E1,3.278523717E1,5.157608986E0,1.017086716E2,8.141189089E-1,5.576366425E0,3.000000000E0,2.600000000E1
1.715174536E2,6.503048953E1,2.548156364E1,1.568240174E1,3.315478014E1,5.406153679E0,9.975395203E1,8.200181997E-1,5.577244282E0,3.000000000E0,2.600000000E1
1.725174046E2,6.503048255E1,2.548168822E1,1.587994809E1,3.335231320E1,5.529174805E0,9.815406036E1,8.257512041E-1,5.578127384E0,3.000000000E0,2.600000000E1
1.735174166E2,6.503047786E1,2.548180985E1,1.641721602E1,3.388956894E1,5.521203041E0,9.743119049E1,8.316045210E-1,5.579018116E0,3.000000000E0,2.600000000E1
1.745174966E2,6.503046999E1,2.548193315E1,1.664833162E1,3.412067103E1,5.481536388E0,9.908648682E1,8.376826366E-1,5.579898357E0,3.000000000E0,2.600000000E1
1.755174926E2,6.503046076E1,2.548206078E1,1.651658218E1,3.398890721E1,5.566189766E0,1.016292419E2,8.434609631E-1,5.580789566E0,3.000000000E0,2.600000000E1
1.765175216E2,6.503045076E1,2.548218158E1,1.644313262E1,3.391544358E1,5.406251907E0,1.004645920E2,8.495446117E-1,5.581662178E0,3.000000000E0,2.600000000E1
1.775174526E2,6.503044472E1,2.548231040E1,1.659664990E1,3.406894755E1,5.285569668E0,1.004967422E2,8.552094577E-1,5.582552433E0,3.000000000E0,2.600000000E1
1.785174676E2,6.503043817E1,2.548243008E1,1.666812267E1,3.414040763E1,5.363660812E0,1.001440582E2,8.607966885E-1,5.583435059E0,3.000000000E0,2.600000000E1
1.795174956E2,6.503042897E1,2.548254710E1,1.687634545E1,3.434861695E1,5.253829956E0,1.006999893E2,8.664254498E-1,4.420568466E0,3.000000000E0,2.500000000E1
1.805174986E2,6.503042001E1,2.548266512E1,1.698929640E1,3.446155446E1,5.284475803E0,1.023133850E2,8.723080596E-1,4.420714855E0,3.000000000E0,2.500000000E1
1.815175636E2,6.503040771E1,2.548278701E1,1.700069675E1,3.447293980E1,5.545220375E0,1.040299149E2,8.781963306E-1,5.710383415E0,3.000000000E0,2.600000000E1
1.825175916E2,6.503039337E1,2.548290776E1,1.685987839E1,3.433210579E1,5.686347961E0,1.034312439E2,8.844577043E-1,5.648775578E0,3.000000000E0,2.800000000E1
1.835176406E2,6.503037980E1,2.548303723E1,1.706250080E1,3.453471207E1,5.872808456E0,1.020832443E2,8.908476963E-1,5.366642952E0,3.000000000E0,2.800000000E1
1.845176456E2,6.503036718E1,2.548317003E1,1.730888530E1,3.478108052E1,5.782687664E0,1.026514511E2,8.972000909E-1,5.367095470E0,3.000000000E0,2.800000000E1
1.855176306E2,6.503035762E1,2.548330346E1,1.730487631E1,3.477705655E1,5.688249111E0,1.038754349E2,9.025527377E-1,5.367550850E0,3.000000000E0,2.800000000E1
1.865176736E2,6.503034619E1,2.548341423E1,1.693129604E1,3.440346257E1,5.406384945E0,1.039555511E2,9.080481952E-1,5.367999077E0,3.000000000E0,2.800000000E1
1.875177006E2,6.503033650E1,2.548352903E1,1.657729360E1,3.404944670E1,5.203027248E0,1.023956680E2,9.136099538E-1,5.368447781E0,3.000000000E0,2.800000000E1
1.885176736E2,6.503033035E1,2.548364662E1,1.647778665E1,3.394992739E1,5.504194736E0,1.010978012E2,9.193500127E-1,5.368903160E0,3.000000000E0,2.800000000E1
1.895176276E2,6.503032284E1,2.548376761E1,1.675860353E1,3.423073112E1,5.338867188E0,9.866183472E1,9.251148856E-1,5.369355679E0,3.000000000E0,2.800000000E1
1.905175986E2,6.503031248E1,2.548388794E1,1.710217143E1,3.457428488E1,5.194502354E0,1.015607986E2,9.299825031E-1,5.369803905E0,3.000000000E0,2.800000000E1
1.915177186E2,6.503030177E1,2.548398849E1,1.681740665E1,3.428950754E1,5.188694000E0,1.041593781E2,9.355055128E-1,5.370250702E0,3.000000000E0,2.800000000E1
1.925180466E2,6.503028912E1,2.548410227E1,1.657780863E1,3.404989510E1,5.115371704E0,1.042065964E2,9.410445143E-1,5.370702744E0,3.000000000E0,2.800000000E1
1.935177416E2,6.503027755E1,2.548421705E1,1.652859462E1,3.400066700E1,5.150040627E0,1.027455826E2,9.467715338E-1,5.371153355E0,3.000000000E0,2.800000000E1
1.945176846E2,6.503027018E1,2.548433780E1,1.618219752E1,3.365425683E1,5.312650681E0,1.027479248E2,9.521167912E-1,5.371608257E0,3.000000000E0,2.800000000E1
1.955177266E2,6.503026344E1,2.548445055E1,1.615350701E1,3.362555416E1,5.292840481E0,1.026749191E2,9.582421813E-1,5.372056007E0,3.000000000E0,2.800000000E1
1.965177966E2,6.503025017E1,2.548457720E1,1.604235472E1,3.351438614E1,5.506411076E0,1.028327866E2,9.642910701E-1,5.372496605E0,3.000000000E0,2.800000000E1
1.975177906E2,6.503023623E1,2.548470177E1,1.583713709E1,3.330915271E1,5.439908028E0,1.033920212E2,9.697937097E-1,5.372948170E0,3.000000000E0,2.800000000E1
1.985181046E2,6.503022562E1,2.548481627E1,1.602164579E1,3.349364770E1,5.328127861E0,1.025237579E2,9.754125662E-1,5.373402119E0,3.000000000E0,2.800000000E1
1.995178986E2,6.503021692E1,2.548493418E1,1.619221213E1,3.366420073E1,5.257316589E0,9.971686554E1,9.814221130E-1,5.373849392E0,3.000000000E0,2.800000000E1
2.005177886E2,6.503020928E1,2.548506092E1,1.611348908E1,3.358546402E1,5.227209091E0,9.788249969E1,9.873551164E-1,5.374292850E0,3.000000000E0,2.800000000E1
2.015178626E2,6.503020392E1,2.548518668E1,1.600296859E1,3.347493078E1,5.280112267E0,9.834526825E1,9.929022157E-1,5.374748230E0,3.000000000E0,2.800000000E1
2.025178436E2,6.503019633E1,2.548530348E1,1.590555890E1,3.337750829E1,5.390793324E0,1.015828247E2,9.981299687E-1,5.375191689E0,3.000000000E0,2.800000000E1
2.035179006E2,6.503018696E1,2.548541262E1,1.589828182E1,3.337021842E1,5.467712879E0,1.003356781E2,1.003850193E0,5.375634193E0,3.000000000E0,2.800000000E1
2.045179216E2,6.503017665E1,2.548553201E1,1.582049812E1,3.329242071E1,5.287325382E0,1.028685989E2,1.009704687E0,5.950746536E0,3.000000000E0,2.800000000E1
2.055184596E2,6.503016495E1,2.548565361E1,1.572484195E1,3.319674984E1,5.071310997E0,1.027143173E2,1.015117255E0,5.947648048E0,3.000000000E0,2.800000000E1
2.065180306E2,6.503015305E1,2.548576542E1,1.539996709E1,3.287186104E1,5.168638229E0,1.033015137E2,1.020876613E0,6.042184830E0,3.000000000E0,2.700000000E1
2.075183946E2,6.503014109E1,2.548588480E1,1.517436038E1,3.264623972E1,5.359205246E0,1.028337479E2,1.026932718E0,6.042726517E0,3.000000000E0,2.700000000E1
2.085178656E2,6.503012793E1,2.548600999E1,1.506805818E1,3.253992198E1,5.516371727E0,1.013521194E2,1.032635697E0,6.043256760E0,3.000000000E0,2.700000000E1
2.095179686E2,6.503012089E1,2.548613034E1,1.496380815E1,3.243565906E1,5.661433220E0,1.016180420E2,1.038747322E0,5.953643322E0,3.000000000E0,2.700000000E1
2.105179806E2,6.503011300E1,2.548625919E1,1.523775502E1,3.270959201E1,5.498295784E0,1.005831375E2,1.044691832E0,5.954215527E0,3.000000000E0,2.800000000E1
2.115180246E2,6.503010524E1,2.548638449E1,1.520068343E1,3.267250685E1,5.456521034E0,1.028725739E2,1.050761605E0,5.954792023E0,3.000000000E0,2.800000000E1
2.125180096E2,6.503009555E1,2.548651175E1,1.542802179E1,3.289983077E1,5.503722668E0,1.025385132E2,1.056742498E0,5.955363274E0,3.000000000E0,2.800000000E1
2.135183486E2,6.503008312E1,2.548663571E1,1.565774600E1,3.312953982E1,5.647483349E0,1.021420975E2,1.062120254E0,5.955936909E0,3.000000000E0,2.800000000E1
2.145179416E2,6.503007660E1,2.548674923E1,1.603169026E1,3.350347198E1,5.667203903E0,1.021260986E2,1.067607722E0,5.956517220E0,3.000000000E0,2.800000000E1
2.155180516E2,6.503006861E1,2.548686460E1,1.583415051E1,3.330591943E1,5.534726620E0,1.006756058E2,1.073149004E0,5.957093716E0,3.000000000E0,2.800000000E1
2.165180496E2,6.503005982E1,2.548698079E1,1.570159049E1,3.317334626E1,5.524554253E0,1.001729202E2,1.079004830E0,5.957664967E0,3.000000000E0,2.800000000E1
2.175179556E2,6.503004923E1,2.548710300E1,1.554082424E1,3.301256568E1,5.672674656E0,1.007756958E2,1.084676690E0,5.958232403E0,3.000000000E0,2.800000000E1
2.185179956E2,6.503004184E1,2.548722255E1,1.524921792E1,3.272094642E1,5.656429768E0,1.003682861E2,1.090143959E0,5.958802700E0,3.000000000E0,2.700000000E1
2.195184186E2,6.503003374E1,2.548733744E1,1.492947005E1,3.240118576E1,5.572610855E0,9.958608246E1,1.095427543E0,5.959379196E0,3.000000000E0,2.700000000E1
2.205179986E2,6.503002466E1,2.548744792E1,1.478166258E1,3.225336553E1,5.494940281E0,1.027645264E2,1.101083607E0,5.383189201E0,3.000000000E0,2.800000000E1
2.215181416E2,6.503001313E1,2.548756528E1,1.459309008E1,3.206477878E1,5.489524364E0,1.027261887E2,1.107037548E0,5.383634567E0,3.000000000E0,2.800000000E1
2.225180316E2,6.503000096E1,2.548768880E1,1.430867909E1,3.178035279E1,5.540817738E0,1.016110535E2,1.113123553E0,5.370828629E0,3.000000000E0,2.700000000E1
2.235180336E2,6.502998906E1,2.548781536E1,1.417253980E1,3.164419833E1,5.350964069E0,1.008699722E2,1.118625105E0,5.384514332E0,3.000000000E0,2.800000000E1
2.245181606E2,6.502997852E1,2.548792987E1,1.408600477E1,3.155764967E1,5.389350891E0,1.017854691E2,1.124332808E0,5.384964466E0,3.000000000E0,2.800000000E1
2.255181126E2,6.502996744E1,2.548804860E1,1.408581557E1,3.155744628E1,5.498229504E0,1.011871490E2,1.130200659E0,5.385398388E0,3.000000000E0,2.800000000E1
2.265180996E2,6.502995954E1,2.548817219E1,1.421668905E1,3.168830630E1,5.530290127E0,1.009011307E2,1.136340819E0,5.385834694E0,3.000000000E0,2.800000000E1
2.275181476E2,6.502995094E1,2.548830140E1,1.458063899E1,3.205224207E1,5.461622715E0,1.019496994E2,1.141955537E0,5.386275291E0,3.000000000E0,2.800000000E1
2.285182866E2,6.502994260E1,2.548841938E1,1.488354289E1,3.235513285E1,5.555620193E0,1.024186478E2,1.147788382E0,5.386715889E0,3.000000000E0,2.800000000E1
2.295182446E2,6.502993343E1,2.548854173E1,1.522256655E1,3.269414270E1,5.569684505E0,1.008910294E2,1.153650888E0,5.387154102E0,3.000000000E0,2.800000000E1
2.305181286E2,6.502992349E1,2.548866438E1,1.505103486E1,3.252259691E1,5.625469208E0,1.007259369E2,1.159163564E0,5.387594700E0,3.000000000E0,2.800000000E1
2.315182556E2,6.502991465E1,2.548877993E1,1.492390360E1,3.239545256E1,5.543759346E0,1.007670135E2,1.164854839E0,5.388037682E0,3.000000000E0,2.800000000E1
2.325182586E2,6.502990792E1,2.548890013E1,1.495740765E1,3.242894388E1,5.573129654E0,9.885800171E1,1.170371416E0,5.388478279E0,3.000000000E0,2.800000000E1
2.335182836E2,6.502990178E1,2.548901675E1,1.499014930E1,3.246167334E1,5.595861435E0,9.867366791E1,1.176273720E0,5.388903618E0,3.000000000E0,2.800000000E1
2.345183246E2,6.502989324E1,2.548914085E1,1.487021448E1,3.234172480E1,5.619243145E0,1.007656937E2,1.182239723E0,5.389347076E0,3.000000000E0,2.800000000E1
2.355186496E2,6.502988475E1,2.548926634E1,1.501735335E1,3.248884987E1,5.586443424E0,1.009188461E2,1.187925534E0,5.389784813E0,3.000000000E0,2.800000000E1
2.365182366E2,6.502987430E1,2.548938492E1,1.502131575E1,3.249279834E1,5.504109383E0,1.014677582E2,1.193890970E0,5.390228271E0,3.000000000E0,2.800000000E1
2.375182596E2,6.502986269E1,2.548950899E1,1.504531831E1,3.251678609E1,5.550330639E0,1.016884537E2,1.199611312E0,5.969546318E0,3.000000000E0,2.800000000E1
2.385186966E2,6.502985202E1,2.548962820E1,1.491735884E1,3.238881256E1,5.664356232E0,1.019206696E2,1.205260281E0,5.970100403E0,3.000000000E0,2.800000000E1
2.395184136E2,6.502983964E1,2.548974492E1,1.505084496E1,3.252228421E1,5.472163677E0,1.005905151E2,1.211323589E0,5.970673561E0,3.000000000E0,2.800000000E1
2.405182786E2,6.502983131E1,2.548987257E1,1.531378275E1,3.278520808E1,5.344992161E0,1.015638504E2,1.217214045E0,5.971220016E0,3.000000000E0,2.800000000E1
2.415184036E2,6.502982067E1,2.548999550E1,1.526391540E1,3.273532637E1,5.328324795E0,1.004030075E2,1.223023974E0,5.971785069E0,3.000000000E0,2.800000000E1
2.425183196E2,6.502981187E1,2.549011751E1,1.506328249E1,3.253467985E1,5.520016193E0,9.833283234E1,1.228726171E0,5.972330093E0,3.000000000E0,2.800000000E1
2.435183516E2,6.502980614E1,2.549023822E1,1.516590472E1,3.263728970E1,5.677018166E0,9.769808197E1,1.234476313E0,5.972880840E0,3.000000000E0,2.800000000E1
2.445183806E2,6.502980346E1,2.549036056E1,1.538883997E1,3.286021353E1,5.803762436E0,9.547941589E1,1.240161991E0,5.393709183E0,3.000000000E0,2.800000000E1
2.455184716E2,6.502979945E1,2.549048131E1,1.544688382E1,3.291824562E1,5.728722572E0,9.522827148E1,1.246033396E0,5.394144535E0,3.000000000E0,2.800000000E1
2.465188926E2,6.502979504E1,2.549060595E1,1.564248404E1,3.311383360E1,5.462344170E0,9.939231873E1,1.251528248E0,5.394573212E0,3.000000000E0,2.800000000E1
2.475186626E2,6.502978408E1,2.549072010E1,1.560342349E1,3.307475933E1,5.560978889E0,1.066318359E2,1.257497861E0,5.395006180E0,3.000000000E0,2.800000000E1
2.485185256E2,6.502976573E1,2.549083961E1,1.546104956E1,3.293236856E1,5.425990582E0,1.085801010E2,1.262954603E0,5.395443916E0,3.000000000E0,2.800000000E1
2.495185916E2,6.502974820E1,2.549094819E1,1.518574193E1,3.265704533E1,5.338865757E0,1.083337173E2,1.268479922E0,5.976199627E0,3.000000000E0,2.800000000E1
2.505188496E2,6.502973590E1,2.549106224E1,1.511014687E1,3.258143608E1,5.332003117E0,1.061870728E2,1.273698155E0,5.379720688E0,3.000000000E0,2.800000000E1
2.515185616E2,6.502972636E1,2.549117108E1,1.472107910E1,3.219235558E1,5.263236523E0,1.036213837E2,1.278662073E0,5.977303505E0,3.000000000E0,2.800000000E1
2.525186186E2,6.502972063E1,2.549127595E1,1.449350702E1,3.196477248E1,4.974766254E0,1.011003647E2,1.283881376E0,5.314256668E0,3.000000000E0,2.600000000E1
2.535185976E2,6.502970964E1,2.549138406E1,1.468644380E1,3.215769606E1,4.128908157E0,1.039346924E2,1.287396179E0,5.314523697E0,3.000000000E0,2.600000000E1
2.545185676E2,6.502970432E1,2.549145786E1,1.440848555E1,3.187972959E1,3.386012793E0,1.012776642E2,1.291237256E0,5.314790726E0,3.000000000E0,2.600000000E1
2.555186096E2,6.502970600E1,2.549153960E1,1.391784838E1,3.138908605E1,3.115833998E0,8.297057343E1,1.295146292E0,5.315056801E0,3.000000000E0,2.600000000E1
2.565186016E2,6.502971903E1,2.549161694E1,1.361836081E1,3.108959659E1,3.158647776E0,6.221553802E1,1.298846730E0,5.315323353E0,3.000000000E0,2.600000000E1
2.575189356E2,6.502974471E1,2.549166707E1,1.342454441E1,3.089578520E1,3.104340553E0,4.169832611E1,1.302957789E0,5.315589428E0,3.000000000E0,2.600000000E1
2.585185816E2,6.502977991E1,2.549169386E1,1.345360604E1,3.092485725E1,3.983312130E0,1.639177895E1,1.307666601E0,5.315854073E0,3.000000000E0,2.600000000E1
2.595186686E2,6.502982189E1,2.549170716E1,1.344576230E1,3.091702752E1,4.322006226E0,1.140090179E1,1.312758236E0,5.316118240E0,3.000000000E0,2.600000000E1
2.605185536E2,6.502986713E1,2.549172382E1,1.338099051E1,3.085227065E1,4.243863106E0,9.540836334E0,1.317948859E0,5.316381931E0,3.000000000E0,2.600000000E1
2.615185736E2,6.502991352E1,2.549173629E1,1.338257471E1,3.085387053E1,4.476229191E0,1.136630440E1,1.323466396E0,5.316646576E0,3.000000000E0,2.600000000E1
2.625185926E2,6.502996269E1,2.549175209E1,1.345022759E1,3.092153981E1,4.479565620E0,1.379995251E1,1.328929496E0,5.316911221E0,3.000000000E0,2.600000000E1
2.635187086E2,6.503001080E1,2.549177563E1,1.317876906E1,3.065009664E1,4.517218113E0,1.346256161E1,1.333831281E0,5.317173481E0,3.000000000E0,2.600000000E1
2.645190116E2,6.503005371E1,2.549179958E1,1.301438611E1,3.048572713E1,4.574911118E0,1.151607990E1,1.339459453E0,5.317437172E0,3.000000000E0,2.500000000E1
2.655190506E2,6.503010373E1,2.549181790E1,1.303510268E1,3.050646018E1,4.635436058E0,1.112605476E1,1.345123507E0,5.317701817E0,3.000000000E0,2.500000000E1
2.665187266E2,6.503015413E1,2.549183544E1,1.382409832E1,3.129547251E1,4.875083447E0,1.227123260E1,1.350376774E0,5.823753357E0,3.000000000E0,2.400000000E1
2.675186536E2,6.503020054E1,2.549185633E1,1.421185362E1,3.168324277E1,5.047837734E0,1.064799023E1,1.355629419E0,5.318229198E0,3.000000000E0,2.500000000E1
2.685188076E2,6.503024700E1,2.549187660E1,1.453398429E1,3.200538847E1,5.008990288E0,1.254970551E1,1.361829733E0,5.825337887E0,3.000000000E0,2.300000000E1
2.695187366E2,6.503030161E1,2.549190328E1,1.453392282E1,3.200534443E1,4.914635658E0,1.165119743E1,1.367469978E0,5.826118469E0,3.000000000E0,2.500000000E1
2.705187626E2,6.503035163E1,2.549192318E1,1.469386517E1,3.216530312E1,4.674066067E0,8.679145813E0,1.372560874E0,5.319018364E0,3.000000000E0,2.600000000E1
2.715191556E2,6.503039673E1,2.549194192E1,1.463492693E1,3.210637955E1,4.688823700E0,1.111203575E1,1.377544033E0,5.319282532E0,3.000000000E0,2.600000000E1
2.725187356E2,6.503044066E1,2.549196291E1,1.455391721E1,3.202538388E1,4.931346416E0,1.174091148E1,1.382944694E0,5.319544792E0,3.000000000E0,2.600000000E1
2.735188376E2,6.503048746E1,2.549199364E1,1.440958590E1,3.188106681E1,4.973370552E0,1.283028603E1,1.388128169E0,5.319808960E0,3.000000000E0,2.600000000E1
2.745188496E2,6.503053166E1,2.549202871E1,1.440489291E1,3.187638675E1,5.126943111E0,1.571848869E1,1.394002835E0,5.320072174E0,3.000000000E0,2.600000000E1
2.755188516E2,6.503058188E1,2.549206761E1,1.453664035E1,3.200814897E1,5.316055775E0,2.010285187E1,1.399800408E0,5.320334911E0,3.000000000E0,2.600000000E1
2.765189066E2,6.503063059E1,2.549211163E1,1.412538344E1,3.159690584E1,5.585117817E0,2.506332779E1,1.405345380E0,5.320599079E0,3.000000000E0,2.600000000E1
2.775188916E2,6.503067341E1,2.549217219E1,1.387428210E1,3.134581473E1,5.512781143E0,3.005878067E1,1.411316858E0,4.701696873E0,3.000000000E0,2.500000000E1
2.785188026E2,6.503071936E1,2.549223804E1,1.371811477E1,3.118965830E1,5.515295506E0,3.295232773E1,1.417114041E0,5.321125984E0,3.000000000E0,2.600000000E1
2.795189066E2,6.503076317E1,2.549230500E1,1.374049671E1,3.121205026E1,5.400830269E0,3.200128937E1,1.422482837E0,5.321389198E0,3.000000000E0,2.600000000E1
2.805188736E2,6.503080355E1,2.549236771E1,1.366491158E1,3.113647428E1,5.486243248E0,3.163151360E1,1.428138630E0,5.321651459E0,3.000000000E0,2.600000000E1
2.815188216E2,6.503084696E1,2.549243050E1,1.362188163E1,3.109345456E1,5.441299438E0,3.042624855E1,1.433734242E0,5.321915627E0,3.000000000E0,2.600000000E1
2.825188636E2,6.503089036E1,2.549249084E1,1.347871141E1,3.095029477E1,5.467858791E0,3.175223541E1,1.439412172E0,5.322178841E0,3.000000000E0,2.600000000E1
2.835188456E2,6.503093412E1,2.549255317E1,1.371648740E1,3.118808116E1,5.446834564E0,3.184006119E1,1.445052261E0,5.322441578E0,3.000000000E0,2.600000000E1
2.845188596E2,6.503097758E1,2.549261514E1,1.402050641E1,3.149211047E1,5.507709980E0,2.919003296E1,1.450395394E0,4.702213764E0,3.000000000E0,2.500000000E1
2.855190806E2,6.503101961E1,2.549267030E1,1.392475348E1,3.139636792E1,5.445811749E0,2.988598824E1,1.455884845E0,5.322969437E0,3.000000000E0,2.600000000E1
2.865189516E2,6.503106093E1,2.549273430E1,1.375708153E1,3.122870532E1,5.275766373E0,3.213695908E1,1.461373687E0,5.323231220E0,3.000000000E0,2.600000000E1
2.875189446E2,6.503110124E1,2.549280180E1,1.367353027E1,3.114516274E1,5.180003166E0,3.589448929E1,1.466831954E0,5.323495388E0,3.000000000E0,2.600000000E1
2.885190366E2,6.503114103E1,2.549286990E1,1.389265807E1,3.136429897E1,5.280200005E0,3.618107605E1,1.472294538E0,5.323758125E0,3.000000000E0,2.600000000E1
2.895190506E2,6.503118046E1,2.549293932E1,1.379802602E1,3.126967512E1,5.507881165E0,3.643944168E1,1.477818224E0,5.324020863E0,3.000000000E0,2.600000000E1
2.905189696E2,6.503121984E1,2.549301106E1,1.406429178E1,3.153594884E1,5.478524208E0,3.891376495E1,1.483092199E0,4.702653885E0,3.000000000E0,2.500000000E1
2.915194246E2,6.503125400E1,2.549308900E1,1.402333129E1,3.149499389E1,5.333436966E0,4.596793747E1,1.488640518E0,4.702725410E0,3.000000000E0,2.500000000E1
2.925193996E2,6.503128534E1,2.549318098E1,1.401569435E1,3.148736026E1,5.384431362E0,5.191020203E1,1.494186923E0,5.324810982E0,3.000000000E0,2.600000000E1
2.935189786E2,6.503131278E1,2.549327966E1,1.407474806E1,3.154641529E1,5.424294472E0,5.599737930E1,1.499753001E0,5.325072289E0,3.000000000E0,2.600000000E1
2.945190296E2,6.503133850E1,2.549338139E1,1.410495070E1,3.157661837E1,5.490604877E0,5.760649872E1,1.505284877E0,5.325336933E0,3.000000000E0,2.600000000E1
2.955194656E2,6.503136354E1,2.549348323E1,1.408255774E1,3.155422558E1,5.435904503E0,5.824364471E1,1.510743404E0,5.325599670E0,3.000000000E0,2.600000000E1
2.965191076E2,6.503138739E1,2.549358488E1,1.400333390E1,3.147500149E1,5.381502151E0,5.821830750E1,1.516302719E0,5.325861931E0,3.000000000E0,2.600000000E1
2.975191256E2,6.503141423E1,2.549368480E1,1.431220725E1,3.178387583E1,5.258181572E0,5.593620682E1,1.521864835E0,5.326127052E0,3.000000000E0,2.600000000E1
2.985191676E2,6.503144252E1,2.549378253E1,1.481706138E1,3.228873164E1,5.391094685E0,5.525336456E1,1.527431226E0,5.326390266E0,3.000000000E0,2.600000000E1
2.995195286E2,6.503147051E1,2.549388084E1,1.534269950E1,3.281437128E1,5.328323364E0,5.300568008E1,1.533055133E0,5.326653004E0,3.000000000E0,2.500000000E1
3.005191236E2,6.503150279E1,2.549397309E1,1.570033229E1,3.317200765E1,5.306370258E0,5.093388367E1,1.538390317E0,5.326915741E0,3.000000000E0,2.600000000E1
3.015195316E2,6.503153546E1,2.549405634E1,1.638707551E1,3.385875538E1,5.116981506E0,4.770170593E1,1.543303581E0,5.327179909E0,3.000000000E0,2.600000000E1
3.025191866E2,6.503156715E1,2.549412928E1,1.711672805E1,3.458841296E1,4.992002010E0,4.152875900E1,1.547834072E0,5.327441216E0,3.000000000E0,2.600000000E1
3.035192026E2,6.503159880E1,2.549419007E1,1.732873472E1,3.480042570E1,4.894055367E0,3.743294907E1,1.553953227E0,5.327703476E0,3.000000000E0,2.600000000E1
3.045191456E2,6.503164335E1,2.549426660E1,1.717074846E1,3.464244878E1,4.849071026E0,3.727814865E1,1.558920822E0,5.327966213E0,3.000000000E0,2.600000000E1
3.055191736E2,6.503167949E1,2.549432882E1,1.736940927E1,3.484111715E1,4.832190037E0,3.646319199E1,1.563800882E0,5.328227997E0,3.000000000E0,2.600000000E1
3.065192096E2,6.503171427E1,2.549439222E1,1.743075922E1,3.490247407E1,4.739616871E0,3.755477524E1,1.568779362E0,4.703808308E0,3.000000000E0,2.500000000E1
3.075196246E2,6.503175060E1,2.549445423E1,1.783526625E1,3.530698873E1,4.815734863E0,3.982395172E1,1.573790726E0,5.328752518E0,3.000000000E0,2.600000000E1
3.085196306E2,6.503178491E1,2.549452344E1,1.765951015E1,3.513123891E1,4.758366585E0,4.060266876E1,1.578981422E0,5.329012871E0,3.000000000E0,2.600000000E1
3.095196416E2,6.503182256E1,2.549458882E1,1.778811486E1,3.525985143E1,4.841610432E0,4.041683960E1,1.583888210E0,5.329277039E0,3.000000000E0,2.600000000E1
3.105193066E2,6.503185775E1,2.549465189E1,1.771173565E1,3.518347935E1,4.953767300E0,3.680570984E1,1.589763372E0,5.329537392E0,3.000000000E0,2.600000000E1
3.115194706E2,6.503189975E1,2.549472784E1,1.741755423E1,3.488930636E1,5.023499489E0,3.879204941E1,1.595069060E0,5.329799175E0,3.000000000E0,2.600000000E1
3.125192956E2,6.503193810E1,2.549479512E1,1.767475857E1,3.514651858E1,5.149076462E0,3.790306473E1,1.599514774E0,5.330060959E0,3.000000000E0,2.600000000E1
3.135193026E2,6.503197003E1,2.549485210E1,1.778294822E1,3.525471470E1,4.994981289E0,3.698101425E1,1.604251723E0,5.330322266E0,3.000000000E0,2.500000000E1
3.145193946E2,6.503200470E1,2.549491075E1,1.803408036E1,3.550585415E1,4.889530182E0,3.771810532E1,1.609178065E0,4.946900368E0,3.000000000E0,1.800000000E1
3.155192956E2,6.503204036E1,2.549497304E1,1.780145828E1,3.527323941E1,5.439224243E0,3.898530197E1,1.613905082E0,4.850583553E0,3.431442976E0,1.400000000E1
3.165194276E2,6.503207507E1,2.549503118E1,1.632509393E1,3.379688242E1,5.043025970E0,3.679301071E1,1.623887900E0,8.533683777E0,3.801685095E0,9.000000000E0
3.185194016E2,6.503214714E1,2.549515800E1,1.725216698E1,3.472397021E1,4.522946358E0,3.847367859E1,1.628493318E0,4.847320557E0,5.112158298E0,1.200000000E1
3.195193266E2,6.503218241E1,2.549520945E1,1.730165873E1,3.477347009E1,3.294575214E0,2.846632576E1,1.633847506E0,5.582931519E0,5.558703423E0,1.500000000E1
3.205193456E2,6.503221308E1,2.549529740E1,1.745301008E1,3.492482473E1,3.862975359E0,2.799827957E1,1.638497516E0,6.032624722E0,5.419672489E0,1.700000000E1
3.215193706E2,6.503224608E1,2.549535822E1,1.767280110E1,3.514462225E1,3.626730919E0,2.271965218E1,1.642413219E0,5.866960526E0,4.739209175E0,2.300000000E1
3.225193796E2,6.503228106E1,2.549536800E1,1.764645749E1,3.511829030E1,3.403482437E0,1.664943099E0,1.646278110E0,6.224811077E0,3.947309971E0,2.200000000E1
3.235194446E2,6.503231546E1,2.549535620E1,1.778586781E1,3.525771396E1,3.560365200E0,3.407119446E2,1.649953195E0,5.332933426E0,3.467371702E0,2.500000000E1
3.245194636E2,6.503233851E1,2.549530009E1,1.728690099E1,3.475876031E1,4.186735630E0,3.220184326E2,1.654214422E0,5.333194256E0,3.175542831E0,2.600000000E1
3.255195146E2,6.503235647E1,2.549521989E1,1.646374474E1,3.393561752E1,4.471100330E0,3.095382996E2,1.658622614E0,4.626210213E0,3.000000000E0,2.500000000E1
3.265194216E2,6.503237561E1,2.549513764E1,1.533892826E1,3.281081509E1,4.252523422E0,3.108584290E2,1.662857559E0,5.333713531E0,3.000000000E0,2.600000000E1
3.275194296E2,6.503240141E1,2.549507128E1,1.479175571E1,3.226365759E1,4.272210598E0,3.204457397E2,1.667205510E0,5.333972454E0,3.000000000E0,2.600000000E1
3.285195226E2,6.503243259E1,2.549501538E1,1.460414413E1,3.207606208E1,4.456213951E0,3.255296021E2,1.671829284E0,5.334231853E0,3.000000000E0,2.600000000E1
3.295195966E2,6.503246771E1,2.549496261E1,1.458301946E1,3.205495462E1,4.648507595E0,3.247374573E2,1.676533750E0,5.334490776E0,3.000000000E0,2.600000000E1
3.305195006E2,6.503250329E1,2.549490839E1,1.444674595E1,3.191869861E1,4.838333607E0,3.273273315E2,1.681532738E0,5.334749699E0,3.000000000E0,2.600000000E1
3.315195116E2,6.503254272E1,2.549485723E1,1.444132802E1,3.191329930E1,4.782382488E0,3.309658813E2,1.686312307E0,5.335008621E0,3.000000000E0,2.600000000E1
3.325197356E2,6.503258112E1,2.549481147E1,1.427076206E1,3.174275112E1,4.770347118E0,3.314203186E2,1.691330834E0,5.335268021E0,3.000000000E0,2.600000000E1
3.335196716E2,6.503262094E1,2.549476116E1,1.402976560E1,3.150177335E1,4.842749119E0,3.317443237E2,1.696338995E0,5.335526466E0,3.000000000E0,2.600000000E1
3.345197216E2,6.503266050E1,2.549471013E1,1.394551533E1,3.141754174E1,4.837089062E0,3.309178772E2,1.701165174E0,5.335784435E0,3.000000000E0,2.600000000E1
3.355197636E2,6.503269738E1,2.549465592E1,1.414535288E1,3.161739728E1,4.802726746E0,3.299447937E2,1.705996121E0,5.336043835E0,3.000000000E0,2.600000000E1
3.365196396E2,6.503273426E1,2.549460149E1,1.449122239E1,3.196328479E1,4.985093594E0,3.297530823E2,1.711036220E0,5.336302757E0,3.000000000E0,2.600000000E1
3.375196886E2,6.503277332E1,2.549454702E1,1.470209092E1,3.217417212E1,4.907476425E0,3.316217651E2,1.715863568E0,5.336560726E0,3.000000000E0,2.600000000E1
3.385197196E2,6.503281141E1,2.549449770E1,1.488639017E1,3.235848937E1,4.966320992E0,3.307086487E2,1.720800853E0,5.336819172E0,3.000000000E0,2.600000000E1
3.395196376E2,6.503285003E1,2.549444578E1,1.516339882E1,3.263551644E1,4.876307011E0,3.293659973E2,1.725901269E0,5.337077141E0,3.000000000E0,2.600000000E1
3.405197336E2,6.503288966E1,2.549439104E1,1.532213483E1,3.279427148E1,5.094629765E0,3.305527039E2,1.731236409E0,5.337336063E0,3.000000000E0,2.600000000E1
3.415198006E2,6.503293188E1,2.549433706E1,1.547146837E1,3.294362492E1,5.282647610E0,3.335225220E2,1.736750752E0,5.337593555E0,3.000000000E0,2.600000000E1
3.425196996E2,6.503297685E1,2.549428754E1,1.534880316E1,3.282098021E1,5.268504620E0,3.345642090E2,1.741743130E0,5.337851524E0,3.000000000E0,2.600000000E1
3.435196666E2,6.503301823E1,2.549424624E1,1.532618959E1,3.279838513E1,5.255689144E0,3.360771484E2,1.747055640E0,5.338109970E0,3.000000000E0,2.600000000E1
3.445196946E2,6.503306228E1,2.549420244E1,1.526780404E1,3.274001925E1,5.337915897E0,3.377501526E2,1.752507023E0,5.338367939E0,3.000000000E0,2.600000000E1
3.455197876E2,6.503310824E1,2.549416198E1,1.498072334E1,3.245295861E1,5.267971992E0,3.394862061E2,1.757666979E0,5.338625908E0,3.000000000E0,2.600000000E1
3.465198496E2,6.503315208E1,2.549412595E1,1.511843350E1,3.259068770E1,5.100612640E0,3.403282776E2,1.762695627E0,5.338883400E0,3.000000000E0,2.600000000E1
3.475197746E2,6.503319461E1,2.549408957E1,1.513699456E1,3.260926724E1,4.867451191E0,3.428685303E2,1.767428503E0,5.339140415E0,3.000000000E0,2.600000000E1
3.485198136E2,6.503323574E1,2.549406357E1,1.504542215E1,3.251771189E1,4.740676403E0,3.453205566E2,1.772492361E0,5.339399338E0,3.000000000E0,2.600000000E1
3.495198336E2,6.503327963E1,2.549403476E1,1.528539953E1,3.275770758E1,4.697026730E0,3.414610596E2,1.777372125E0,5.339656353E0,3.000000000E0,2.600000000E1
3.505198766E2,6.503332124E1,2.549400175E1,1.534864802E1,3.282097393E1,4.888621807E0,3.423037415E2,1.782614930E0,5.339913845E0,3.000000000E0,2.600000000E1
3.515198836E2,6.503336620E1,2.549396808E1,1.540220068E1,3.287454571E1,4.807291508E0,3.425267334E2,1.787744626E0,5.340171814E0,3.000000000E0,2.600000000E1
3.525201926E2,6.503341004E1,2.549393406E1,1.562683017E1,3.309919395E1,4.763226509E0,3.432641602E2,1.792985298E0,5.340429306E0,3.000000000E0,2.600000000E1
3.535198256E2,6.503345475E1,2.549389873E1,1.560117761E1,3.307356057E1,4.782485485E0,3.423760681E2,1.797989553E0,5.340686798E0,3.000000000E0,2.600000000E1
3.545205346E2,6.503349690E1,2.549386137E1,1.567122980E1,3.314363121E1,4.734334469E0,3.398033447E2,1.803184928E0,5.340943813E0,3.000000000E0,2.600000000E1
3.555199056E2,6.503354015E1,2.549381949E1,1.562801852E1,3.310043917E1,4.690476894E0,3.399975281E2,1.808307787E0,5.341200829E0,3.000000000E0,2.600000000E1
3.565204056E2,6.503358244E1,2.549377621E1,1.554643142E1,3.301887110E1,4.609260559E0,3.400592041E2,1.813792814E0,5.341458797E0,3.000000000E0,2.600000000E1
3.575203306E2,6.503362890E1,2.549373693E1,1.565095140E1,3.312341126E1,5.026339531E0,3.419275513E2,1.819523531E0,5.341715336E0,3.000000000E0,2.600000000E1
3.585198806E2,6.503367842E1,2.549370310E1,1.597098625E1,3.344346691E1,5.260764122E0,3.413906555E2,1.825135474E0,5.341972351E0,3.000000000E0,2.600000000E1
3.595199566E2,6.503372616E1,2.549366430E1,1.600830046E1,3.348080172E1,5.313035965E0,3.402943115E2,1.830531670E0,5.342228889E0,3.000000000E0,2.600000000E1
3.605199836E2,6.503377249E1,2.549363011E1,1.576205694E1,3.323457789E1,5.247283459E0,3.443524475E2,1.835725365E0,5.342486382E0,3.000000000E0,2.600000000E1
3.615201016E2,6.503381799E1,2.549360509E1,1.566972695E1,3.314226647E1,5.071025372E0,3.499584045E2,1.840895592E0,5.342742920E0,3.000000000E0,2.600000000E1
3.625201346E2,6.503386432E1,2.549359566E1,1.555681891E1,3.302937592E1,4.755029678E0,3.572940979E2,1.845824710E0,5.342998981E0,3.000000000E0,2.600000000E1
3.635200666E2,6.503390864E1,2.549359693E1,1.560026113E1,3.307283396E1,4.672643185E0,1.822522730E-1,1.850626525E0,5.343255997E0,3.000000000E0,2.600000000E1
3.645200586E2,6.503395182E1,2.549359918E1,1.575468996E1,3.322727811E1,4.669653416E0,3.597559204E2,1.855294629E0,5.343513012E0,3.000000000E0,2.600000000E1
3.655200966E2,6.503399379E1,2.549359744E1,1.593293031E1,3.340553370E1,4.611142635E0,3.594288940E2,1.859902777E0,5.343770504E0,3.000000000E0,2.600000000E1
3.665203126E2,6.503403523E1,2.549359786E1,1.619527029E1,3.366788854E1,4.492514610E0,5.969478488E-1,1.864159676E0,5.344026089E0,3.000000000E0,2.600000000E1
3.675202036E2,6.503407351E1,2.549359635E1,1.638841499E1,3.386104714E1,4.204871178E0,3.581999512E2,1.868266734E0,5.344283581E0,3.000000000E0,2.600000000E1
3.685202596E2,6.503411035E1,2.549359016E1,1.663708635E1,3.410973229E1,4.188308716E0,3.567877197E2,1.872404644E0,5.344539642E0,3.000000000E0,2.600000000E1
3.695200116E2,6.503414752E1,2.549358581E1,1.663572816E1,3.410838785E1,4.038439274E0,3.574015503E2,1.876178272E0,5.344796658E0,3.000000000E0,2.600000000E1
3.705200356E2,6.503418146E1,2.549358651E1,1.695771126E1,3.443038308E1,3.932350636E0,2.955408812E0,1.880389892E0,5.345053673E0,3.000000000E0,2.600000000E1
3.715201126E2,6.503421897E1,2.549359884E1,1.740868159E1,3.488136580E1,3.856812239E0,6.635665417E0,1.884695914E0,5.345311165E0,3.000000000E0,2.600000000E1
3.725201416E2,6.503425736E1,2.549361102E1,1.755489268E1,3.502758960E1,3.950358629E0,1.169124889E1,1.888487569E0,5.345566750E0,3.000000000E0,2.600000000E1
3.735201806E2,6.503429037E1,2.549363124E1,1.758247251E1,3.505517949E1,3.759640694E0,1.559379482E1,1.893350139E0,5.345823288E0,3.000000000E0,2.600000000E1
3.745200656E2,6.503433221E1,2.549366139E1,1.789309416E1,3.536581349E1,3.712726116E0,1.522907162E1,NaN,5.907965183E0,3.000000000E0,2.500000000E1
